_id,location.address,location.coordinates[0],location.coordinates[1],power,installed_date,operatingStatus,maintenanceHistory.date,maintenanceHistory.description
QN001,123 Main St,12.345,67.89,100,1/1/2023,Active,2/1/2023,Routine maintenance
QN002,456 Oak St,23.456,78.901,150,2/1/2023,Active,3/1/2023,Minor repair
QN003,789 Pine St,34.567,89.012,120,3/1/2023,Inactive,4/1/2023,Major repair
QN004,234 Elm St,45.678,90.123,200,4/1/2023,Active,5/1/2023,Regular checkup
QN005,567 Maple St,56.789,91.234,180,5/1/2023,Active,6/1/2023,Minor repair
QN006,890 Birch St,67.89,92.345,250,6/1/2023,Active,7/1/2023,Replacement of parts
QN007,123 Pine St,78.901,12.345,130,7/1/2023,Active,8/1/2023,Regular checkup
QN008,456 Cedar St,89.012,23.456,170,8/1/2023,Active,9/1/2023,Major repair
QN009,789 Walnut St,90.123,34.567,220,9/1/2023,Active,10/1/2023,Minor repair
QN010,234 Chestnut St,91.234,45.678,160,10/1/2023,Inactive,11/1/2023,Routine maintenance
QN011,567 Willow St,92.345,56.789,190,11/1/2023,Active,12/1/2023,Replacement of parts
QN012,890 Ash St,12.345,67.89,140,12/1/2023,Inactive,1/1/2024,Regular checkup
QN013,345 Hickory St,23.456,78.901,110,1/1/2024,Active,2/1/2024,Major repair
QN014,678 Redwood St,34.567,89.012,250,2/1/2024,Inactive,3/1/2024,Routine maintenance
QN015,901 Cedar St,45.678,90.123,180,3/1/2024,Active,4/1/2024,Replacement of parts
QN016,234 Oak St,56.789,91.234,200,4/1/2024,Inactive,5/1/2024,Regular checkup
QN017,123 Main St,12.345,67.89,100,1/1/2023,Active,2/1/2023,Routine maintenance
QN018,456 Oak St,23.456,78.901,150,2/1/2023,Inactive,3/1/2023,Minor repair
QN019,789 Pine St,34.567,89.012,120,3/1/2023,Active,4/1/2023,Major repair
QN020,234 Elm St,45.678,90.123,200,4/1/2023,Inactive,5/1/2023,Regular checkup
QN021,567 Maple St,56.789,91.234,180,5/1/2023,Active,6/1/2023,Minor repair
QN022,890 Birch St,67.89,92.345,250,6/1/2023,Inactive,7/1/2023,Replacement of parts
QN023,123 Pine St,78.901,12.345,130,7/1/2023,Active,8/1/2023,Regular checkup
QN024,456 Cedar St,89.012,23.456,170,8/1/2023,Inactive,9/1/2023,Major repair
QN025,789 Walnut St,90.123,34.567,220,9/1/2023,Active,10/1/2023,Minor repair
QN026,234 Chestnut St,91.234,45.678,160,10/1/2023,Inactive,11/1/2023,Routine maintenance
QN027,567 Willow St,92.345,56.789,190,11/1/2023,Active,12/1/2023,Replacement of parts
QN028,890 Ash St,12.345,67.89,140,12/1/2023,Inactive,1/1/2024,Regular checkup
QN029,345 Hickory St,23.456,78.901,110,1/1/2024,Active,2/1/2024,Major repair
QN030,678 Redwood St,34.567,89.012,250,2/1/2024,Inactive,3/1/2024,Routine maintenance
QN031,901 Cedar St,45.678,90.123,180,3/1/2024,Active,4/1/2024,Replacement of parts
QN032,234 Oak St,56.789,91.234,200,4/1/2024,Inactive,5/1/2024,Regular checkup
QN033,123 Main St,12.345,67.89,100,1/1/2023,Active,2/1/2023,Routine maintenance
QN034,456 Oak St,23.456,78.901,150,2/1/2023,Inactive,3/1/2023,Minor repair
QN035,789 Pine St,34.567,89.012,120,3/1/2023,Active,4/1/2023,Major repair
QN036,234 Elm St,45.678,90.123,200,4/1/2023,Inactive,5/1/2023,Regular checkup
QN037,567 Maple St,56.789,91.234,180,5/1/2023,Active,6/1/2023,Minor repair
QN038,890 Birch St,67.89,92.345,250,6/1/2023,Inactive,7/1/2023,Replacement of parts
QN039,123 Pine St,78.901,12.345,130,7/1/2023,Active,8/1/2023,Regular checkup
QN040,456 Cedar St,89.012,23.456,170,8/1/2023,Inactive,9/1/2023,Major repair
QN041,789 Walnut St,90.123,34.567,220,9/1/2023,Active,10/1/2023,Minor repair
QN042,234 Chestnut St,91.234,45.678,160,10/1/2023,Inactive,11/1/2023,Routine maintenance
QN043,567 Willow St,92.345,56.789,190,11/1/2023,Active,12/1/2023,Replacement of parts
QN044,890 Ash St,12.345,67.89,140,12/1/2023,Inactive,1/1/2024,Regular checkup
QN045,345 Hickory St,23.456,78.901,110,1/1/2024,Active,2/1/2024,Major repair
QN046,678 Redwood St,34.567,89.012,250,2/1/2024,Inactive,3/1/2024,Routine maintenance
QN047,901 Cedar St,45.678,90.123,180,3/1/2024,Active,4/1/2024,Replacement of parts
QN048,234 Oak St,56.789,91.234,200,4/1/2024,Inactive,5/1/2024,Regular checkup
DN001,123 Cedar St,78.901,93.456,300,7/1/2023,Active,8/1/2023,Regular checkup
DN002,456 Walnut St,89.012,94.567,140,8/1/2023,Inactive,9/1/2023,Minor repair
DN003,789 Oakwood St,90.123,95.678,180,9/1/2023,Active,10/1/2023,Routine maintenance
DN004,234 Pineapple St,91.234,96.789,200,10/1/2023,Inactive,11/1/2023,Replacement of parts
DN005,567 Cherry St,92.345,97.89,160,11/1/2023,Active,12/1/2023,Minor repair
DN006,890 Orange St,93.456,98.901,220,12/1/2023,Inactive,1/1/2024,Major repair
DN007,123 Mango St,94.567,89.012,250,1/1/2024,Active,2/1/2024,Replacement of parts
DN008,456 Apple St,95.678,90.123,180,2/1/2024,Inactive,3/1/2024,Regular checkup
DN009,789 Banana St,96.789,91.234,200,3/1/2024,Active,4/1/2024,Minor repair
DN010,234 Papaya St,97.89,92.345,160,4/1/2024,Inactive,5/1/2024,Routine maintenance
DN011,567 Strawberry St,98.901,93.456,220,5/1/2024,Active,6/1/2024,Major repair
DN012,890 Blueberry St,99.012,94.567,190,6/1/2024,Inactive,7/1/2024,Replacement of parts
DN013,345 Raspberry St,92.345,95.678,200,7/1/2024,Active,8/1/2024,Regular checkup
DN014,678 Kiwi St,93.456,96.789,140,8/1/2024,Inactive,9/1/2024,Minor repair
DN015,901 Avocado St,94.567,97.89,180,9/1/2024,Active,10/1/2024,Routine maintenance
DN016,234 Pineapple St,95.678,98.901,300,10/1/2024,Inactive,11/1/2024,Replacement of parts
DN017,123 Main St,12.345,67.89,100,1/1/2023,Active,2/1/2023,Routine maintenance
DN018,456 Oak St,23.456,78.901,150,2/1/2023,Inactive,3/1/2023,Minor repair
DN019,789 Pine St,34.567,89.012,120,3/1/2023,Active,4/1/2023,Major repair
DN020,234 Elm St,45.678,90.123,200,4/1/2023,Inactive,5/1/2023,Regular checkup
DN021,567 Maple St,56.789,91.234,180,5/1/2023,Active,6/1/2023,Minor repair
DN022,890 Birch St,67.89,92.345,250,6/1/2023,Inactive,7/1/2023,Replacement of parts
DN023,123 Pine St,78.901,12.345,130,7/1/2023,Active,8/1/2023,Regular checkup
DN024,456 Cedar St,89.012,23.456,170,8/1/2023,Inactive,9/1/2023,Major repair
DN025,789 Walnut St,90.123,34.567,220,9/1/2023,Active,10/1/2023,Minor repair
DN026,234 Chestnut St,91.234,45.678,160,10/1/2023,Inactive,11/1/2023,Routine maintenance
DN027,567 Willow St,92.345,56.789,190,11/1/2023,Active,12/1/2023,Replacement of parts
DN028,890 Ash St,12.345,67.89,140,12/1/2023,Inactive,1/1/2024,Regular checkup
DN029,345 Hickory St,23.456,78.901,110,1/1/2024,Active,2/1/2024,Major repair
DN030,678 Redwood St,34.567,89.012,250,2/1/2024,Inactive,3/1/2024,Routine maintenance
DN031,901 Cedar St,45.678,90.123,180,3/1/2024,Active,4/1/2024,Replacement of parts
DN032,234 Oak St,56.789,91.234,200,4/1/2024,Inactive,5/1/2024,Regular checkup
DN033,123 Main St,12.345,67.89,100,1/1/2023,Active,2/1/2023,Routine maintenance
DN034,456 Oak St,23.456,78.901,150,2/1/2023,Inactive,3/1/2023,Minor repair
DN035,789 Pine St,34.567,89.012,120,3/1/2023,Active,4/1/2023,Major repair
DN036,234 Elm St,45.678,90.123,200,4/1/2023,Inactive,5/1/2023,Regular checkup
DN037,567 Maple St,56.789,91.234,180,5/1/2023,Active,6/1/2023,Minor repair
DN038,890 Birch St,67.89,92.345,250,6/1/2023,Inactive,7/1/2023,Replacement of parts
DN039,123 Pine St,78.901,12.345,130,7/1/2023,Active,8/1/2023,Regular checkup
DN040,456 Cedar St,89.012,23.456,170,8/1/2023,Inactive,9/1/2023,Major repair
DN041,789 Walnut St,90.123,34.567,220,9/1/2023,Active,10/1/2023,Minor repair
DN042,234 Chestnut St,91.234,45.678,160,10/1/2023,Inactive,11/1/2023,Routine maintenance
DN043,567 Willow St,92.345,56.789,190,11/1/2023,Active,12/1/2023,Replacement of parts
DN044,890 Ash St,12.345,67.89,140,12/1/2023,Inactive,1/1/2024,Regular checkup
DN045,345 Hickory St,23.456,78.901,110,1/1/2024,Active,2/1/2024,Major repair
DN046,678 Redwood St,34.567,89.012,250,2/1/2024,Inactive,3/1/2024,Routine maintenance
DN047,901 Cedar St,45.678,90.123,180,3/1/2024,Active,4/1/2024,Replacement of parts
DN048,234 Oak St,56.789,91.234,200,4/1/2024,Inactive,5/1/2024,Regular checkup
DN49,234 Oak St,57.789,91.234,201,4/2/2024,Inactive,5/2/2024,Regular checkup
DN50,234 Oak St,58.789,91.234,202,4/3/2024,Inactive,5/3/2024,Regular checkup
DN51,234 Oak St,59.789,91.234,203,4/4/2024,Inactive,5/4/2024,Regular checkup
DN52,234 Oak St,60.789,91.234,204,4/5/2024,Inactive,5/5/2024,Regular checkup
DN53,234 Oak St,61.789,91.234,205,4/6/2024,Inactive,5/6/2024,Regular checkup
DN54,234 Oak St,62.789,91.234,206,4/7/2024,Inactive,5/7/2024,Regular checkup
DN55,234 Oak St,63.789,91.234,207,4/8/2024,Inactive,5/8/2024,Regular checkup
DN56,234 Oak St,64.789,91.234,208,4/9/2024,Inactive,5/9/2024,Regular checkup
DN57,234 Oak St,65.789,91.234,209,4/10/2024,Inactive,5/10/2024,Regular checkup
DN58,234 Oak St,66.789,91.234,210,4/11/2024,Inactive,5/11/2024,Regular checkup
DN59,234 Oak St,67.789,91.234,211,4/12/2024,Inactive,5/12/2024,Regular checkup
DN60,234 Oak St,68.789,91.234,212,4/13/2024,Inactive,5/13/2024,Regular checkup
DN61,234 Oak St,69.789,91.234,213,4/14/2024,Inactive,5/14/2024,Regular checkup
DN62,234 Oak St,70.789,91.234,214,4/15/2024,Inactive,5/15/2024,Regular checkup
DN63,234 Oak St,71.789,91.234,215,4/16/2024,Inactive,5/16/2024,Regular checkup
DN64,234 Oak St,72.789,91.234,216,4/17/2024,Inactive,5/17/2024,Regular checkup
DN65,234 Oak St,73.789,91.234,217,4/18/2024,Inactive,5/18/2024,Regular checkup
DN66,234 Oak St,74.789,91.234,218,4/19/2024,Inactive,5/19/2024,Regular checkup
DN67,234 Oak St,75.789,91.234,219,4/20/2024,Inactive,5/20/2024,Regular checkup
DN68,234 Oak St,76.789,91.234,220,4/21/2024,Inactive,5/21/2024,Regular checkup
DN69,234 Oak St,77.789,91.234,221,4/22/2024,Inactive,5/22/2024,Regular checkup
DN70,234 Oak St,78.789,91.234,222,4/23/2024,Inactive,5/23/2024,Regular checkup
DN71,234 Oak St,79.789,91.234,223,4/24/2024,Inactive,5/24/2024,Regular checkup
DN72,234 Oak St,80.789,91.234,224,4/25/2024,Inactive,5/25/2024,Regular checkup
DN73,234 Oak St,81.789,91.234,225,4/26/2024,Inactive,5/26/2024,Regular checkup
DN74,234 Oak St,82.789,91.234,226,4/27/2024,Inactive,5/27/2024,Regular checkup
DN75,234 Oak St,83.789,91.234,227,4/28/2024,Inactive,5/28/2024,Regular checkup
DN76,234 Oak St,84.789,91.234,228,4/29/2024,Inactive,5/29/2024,Regular checkup
DN77,234 Oak St,85.789,91.234,229,4/30/2024,Inactive,5/30/2024,Regular checkup
DN78,234 Oak St,86.789,91.234,230,5/1/2024,Inactive,5/31/2024,Regular checkup
DN79,234 Oak St,87.789,91.234,231,5/2/2024,Inactive,6/1/2024,Regular checkup
DN80,234 Oak St,88.789,91.234,232,5/3/2024,Inactive,6/2/2024,Regular checkup
DN81,234 Oak St,89.789,91.234,233,5/4/2024,Inactive,6/3/2024,Regular checkup
DN82,234 Oak St,90.789,91.234,234,5/5/2024,Inactive,6/4/2024,Regular checkup
DN83,234 Oak St,91.789,91.234,235,5/6/2024,Inactive,6/5/2024,Regular checkup
DN84,234 Oak St,92.789,91.234,236,5/7/2024,Inactive,6/6/2024,Regular checkup
DN85,234 Oak St,93.789,91.234,237,5/8/2024,Inactive,6/7/2024,Regular checkup
DN86,234 Oak St,94.789,91.234,238,5/9/2024,Inactive,6/8/2024,Regular checkup
DN87,234 Oak St,95.789,91.234,239,5/10/2024,Inactive,6/9/2024,Regular checkup
DN88,234 Oak St,96.789,91.234,240,5/11/2024,Inactive,6/10/2024,Regular checkup
DN89,234 Oak St,97.789,91.234,241,5/12/2024,Inactive,6/11/2024,Regular checkup
DN90,234 Oak St,98.789,91.234,242,5/13/2024,Inactive,6/12/2024,Regular checkup
DN91,234 Oak St,99.789,91.234,243,5/14/2024,Inactive,6/13/2024,Regular checkup
DN92,234 Oak St,100.789,91.234,244,5/15/2024,Inactive,6/14/2024,Regular checkup
DN93,234 Oak St,101.789,91.234,245,5/16/2024,Inactive,6/15/2024,Regular checkup
DN94,234 Oak St,102.789,91.234,246,5/17/2024,Inactive,6/16/2024,Regular checkup
DN95,234 Oak St,103.789,91.234,247,5/18/2024,Inactive,6/17/2024,Regular checkup
DN96,234 Oak St,104.789,91.234,248,5/19/2024,Inactive,6/18/2024,Regular checkup
DN97,234 Oak St,105.789,91.234,249,5/20/2024,Inactive,6/19/2024,Regular checkup
DN98,234 Oak St,106.789,91.234,250,5/21/2024,Inactive,6/20/2024,Regular checkup
DN99,234 Oak St,107.789,91.234,251,5/22/2024,Inactive,6/21/2024,Regular checkup
DN100,234 Oak St,108.789,91.234,252,5/23/2024,Inactive,6/22/2024,Regular checkup
DN101,234 Oak St,109.789,91.234,253,5/24/2024,Inactive,6/23/2024,Regular checkup
DN102,234 Oak St,110.789,91.234,254,5/25/2024,Inactive,6/24/2024,Regular checkup
DN103,234 Oak St,111.789,91.234,255,5/26/2024,Inactive,6/25/2024,Regular checkup
DN104,234 Oak St,112.789,91.234,256,5/27/2024,Inactive,6/26/2024,Regular checkup
DN105,234 Oak St,113.789,91.234,257,5/28/2024,Inactive,6/27/2024,Regular checkup
DN106,234 Oak St,114.789,91.234,258,5/29/2024,Inactive,6/28/2024,Regular checkup
DN107,234 Oak St,115.789,91.234,259,5/30/2024,Inactive,6/29/2024,Regular checkup
DN108,234 Oak St,116.789,91.234,260,5/31/2024,Inactive,6/30/2024,Regular checkup
DN109,234 Oak St,117.789,91.234,261,6/1/2024,Inactive,7/1/2024,Regular checkup
DN110,234 Oak St,118.789,91.234,262,6/2/2024,Inactive,7/2/2024,Regular checkup
DN111,234 Oak St,119.789,91.234,263,6/3/2024,Inactive,7/3/2024,Regular checkup
DN112,234 Oak St,120.789,91.234,264,6/4/2024,Inactive,7/4/2024,Regular checkup
DN113,234 Oak St,121.789,91.234,265,6/5/2024,Inactive,7/5/2024,Regular checkup
DN114,234 Oak St,122.789,91.234,266,6/6/2024,Inactive,7/6/2024,Regular checkup
DN115,234 Oak St,123.789,91.234,267,6/7/2024,Inactive,7/7/2024,Regular checkup
DN116,234 Oak St,124.789,91.234,268,6/8/2024,Inactive,7/8/2024,Regular checkup
DN117,234 Oak St,125.789,91.234,269,6/9/2024,Inactive,7/9/2024,Regular checkup
DN118,234 Oak St,126.789,91.234,270,6/10/2024,Inactive,7/10/2024,Regular checkup
DN119,234 Oak St,127.789,91.234,271,6/11/2024,Inactive,7/11/2024,Regular checkup
DN120,234 Oak St,128.789,91.234,272,6/12/2024,Inactive,7/12/2024,Regular checkup
DN121,234 Oak St,129.789,91.234,273,6/13/2024,Inactive,7/13/2024,Regular checkup
DN122,234 Oak St,130.789,91.234,274,6/14/2024,Inactive,7/14/2024,Regular checkup
DN123,234 Oak St,131.789,91.234,275,6/15/2024,Inactive,7/15/2024,Regular checkup
DN124,234 Oak St,132.789,91.234,276,6/16/2024,Inactive,7/16/2024,Regular checkup
DN125,234 Oak St,133.789,91.234,277,6/17/2024,Inactive,7/17/2024,Regular checkup
DN126,234 Oak St,134.789,91.234,278,6/18/2024,Inactive,7/18/2024,Regular checkup
DN127,234 Oak St,135.789,91.234,279,6/19/2024,Inactive,7/19/2024,Regular checkup
DN128,234 Oak St,136.789,91.234,280,6/20/2024,Inactive,7/20/2024,Regular checkup
DN129,234 Oak St,137.789,91.234,281,6/21/2024,Inactive,7/21/2024,Regular checkup
DN130,234 Oak St,138.789,91.234,282,6/22/2024,Inactive,7/22/2024,Regular checkup
DN131,234 Oak St,139.789,91.234,283,6/23/2024,Inactive,7/23/2024,Regular checkup
DN132,234 Oak St,140.789,91.234,284,6/24/2024,Inactive,7/24/2024,Regular checkup
DN133,234 Oak St,141.789,91.234,285,6/25/2024,Inactive,7/25/2024,Regular checkup
DN134,234 Oak St,142.789,91.234,286,6/26/2024,Inactive,7/26/2024,Regular checkup
DN135,234 Oak St,143.789,91.234,287,6/27/2024,Inactive,7/27/2024,Regular checkup
DN136,234 Oak St,144.789,91.234,288,6/28/2024,Inactive,7/28/2024,Regular checkup
DN137,234 Oak St,145.789,91.234,289,6/29/2024,Inactive,7/29/2024,Regular checkup
DN138,234 Oak St,146.789,91.234,290,6/30/2024,Inactive,7/30/2024,Regular checkup
DN139,234 Oak St,147.789,91.234,291,7/1/2024,Inactive,7/31/2024,Regular checkup
DN140,234 Oak St,148.789,91.234,292,7/2/2024,Inactive,8/1/2024,Regular checkup
DN141,234 Oak St,149.789,91.234,293,7/3/2024,Inactive,8/2/2024,Regular checkup
DN142,234 Oak St,150.789,91.234,294,7/4/2024,Inactive,8/3/2024,Regular checkup
DN143,234 Oak St,151.789,91.234,295,7/5/2024,Inactive,8/4/2024,Regular checkup
DN144,234 Oak St,152.789,91.234,296,7/6/2024,Inactive,8/5/2024,Regular checkup
DN145,234 Oak St,153.789,91.234,297,7/7/2024,Inactive,8/6/2024,Regular checkup
DN146,234 Oak St,154.789,91.234,298,7/8/2024,Inactive,8/7/2024,Regular checkup
DN147,234 Oak St,155.789,91.234,299,7/9/2024,Inactive,8/8/2024,Regular checkup
DN148,234 Oak St,156.789,91.234,300,7/10/2024,Inactive,8/9/2024,Regular checkup
DN149,234 Oak St,157.789,91.234,301,7/11/2024,Inactive,8/10/2024,Regular checkup
DN150,234 Oak St,158.789,91.234,302,7/12/2024,Inactive,8/11/2024,Regular checkup
DN151,234 Oak St,159.789,91.234,303,7/13/2024,Inactive,8/12/2024,Regular checkup
DN152,234 Oak St,160.789,91.234,304,7/14/2024,Inactive,8/13/2024,Regular checkup
DN153,234 Oak St,161.789,91.234,305,7/15/2024,Inactive,8/14/2024,Regular checkup
DN154,234 Oak St,162.789,91.234,306,7/16/2024,Inactive,8/15/2024,Regular checkup
DN155,234 Oak St,163.789,91.234,307,7/17/2024,Inactive,8/16/2024,Regular checkup
DN156,234 Oak St,164.789,91.234,308,7/18/2024,Inactive,8/17/2024,Regular checkup
DN157,234 Oak St,165.789,91.234,309,7/19/2024,Inactive,8/18/2024,Regular checkup
DN158,234 Oak St,166.789,91.234,310,7/20/2024,Inactive,8/19/2024,Regular checkup
DN159,234 Oak St,167.789,91.234,311,7/21/2024,Inactive,8/20/2024,Regular checkup
DN160,234 Oak St,168.789,91.234,312,7/22/2024,Inactive,8/21/2024,Regular checkup
DN161,234 Oak St,169.789,91.234,313,7/23/2024,Inactive,8/22/2024,Regular checkup
DN162,234 Oak St,170.789,91.234,314,7/24/2024,Inactive,8/23/2024,Regular checkup
DN163,234 Oak St,171.789,91.234,315,7/25/2024,Inactive,8/24/2024,Regular checkup
DN164,234 Oak St,172.789,91.234,316,7/26/2024,Inactive,8/25/2024,Regular checkup
DN165,234 Oak St,173.789,91.234,317,7/27/2024,Inactive,8/26/2024,Regular checkup
DN166,234 Oak St,174.789,91.234,318,7/28/2024,Inactive,8/27/2024,Regular checkup
DN167,234 Oak St,175.789,91.234,319,7/29/2024,Inactive,8/28/2024,Regular checkup
DN168,234 Oak St,176.789,91.234,320,7/30/2024,Inactive,8/29/2024,Regular checkup
DN169,234 Oak St,177.789,91.234,321,7/31/2024,Inactive,8/30/2024,Regular checkup
DN170,234 Oak St,178.789,91.234,322,8/1/2024,Inactive,8/31/2024,Regular checkup
DN171,234 Oak St,179.789,91.234,323,8/2/2024,Inactive,9/1/2024,Regular checkup
DN172,234 Oak St,180.789,91.234,324,8/3/2024,Inactive,9/2/2024,Regular checkup
DN173,234 Oak St,181.789,91.234,325,8/4/2024,Inactive,9/3/2024,Regular checkup
DN174,234 Oak St,182.789,91.234,326,8/5/2024,Inactive,9/4/2024,Regular checkup
DN175,234 Oak St,183.789,91.234,327,8/6/2024,Inactive,9/5/2024,Regular checkup
DN176,234 Oak St,184.789,91.234,328,8/7/2024,Inactive,9/6/2024,Regular checkup
DN177,234 Oak St,185.789,91.234,329,8/8/2024,Inactive,9/7/2024,Regular checkup
DN178,234 Oak St,186.789,91.234,330,8/9/2024,Inactive,9/8/2024,Regular checkup
DN179,234 Oak St,187.789,91.234,331,8/10/2024,Inactive,9/9/2024,Regular checkup
DN180,234 Oak St,188.789,91.234,332,8/11/2024,Inactive,9/10/2024,Regular checkup
DN181,234 Oak St,189.789,91.234,333,8/12/2024,Inactive,9/11/2024,Regular checkup
DN182,234 Oak St,190.789,91.234,334,8/13/2024,Inactive,9/12/2024,Regular checkup
DN183,234 Oak St,191.789,91.234,335,8/14/2024,Inactive,9/13/2024,Regular checkup
DN184,234 Oak St,192.789,91.234,336,8/15/2024,Inactive,9/14/2024,Regular checkup
DN185,234 Oak St,193.789,91.234,337,8/16/2024,Inactive,9/15/2024,Regular checkup
DN186,234 Oak St,194.789,91.234,338,8/17/2024,Inactive,9/16/2024,Regular checkup
DN187,234 Oak St,195.789,91.234,339,8/18/2024,Inactive,9/17/2024,Regular checkup
DN188,234 Oak St,196.789,91.234,340,8/19/2024,Inactive,9/18/2024,Regular checkup
DN189,234 Oak St,197.789,91.234,341,8/20/2024,Inactive,9/19/2024,Regular checkup
DN190,234 Oak St,198.789,91.234,342,8/21/2024,Inactive,9/20/2024,Regular checkup
DN191,234 Oak St,199.789,91.234,343,8/22/2024,Inactive,9/21/2024,Regular checkup
DN192,234 Oak St,200.789,91.234,344,8/23/2024,Inactive,9/22/2024,Regular checkup
DN193,234 Oak St,201.789,91.234,345,8/24/2024,Inactive,9/23/2024,Regular checkup
DN194,234 Oak St,202.789,91.234,346,8/25/2024,Inactive,9/24/2024,Regular checkup
DN195,234 Oak St,203.789,91.234,347,8/26/2024,Inactive,9/25/2024,Regular checkup
DN196,234 Oak St,204.789,91.234,348,8/27/2024,Inactive,9/26/2024,Regular checkup
DN197,234 Oak St,205.789,91.234,349,8/28/2024,Inactive,9/27/2024,Regular checkup
DN198,234 Oak St,206.789,91.234,350,8/29/2024,Inactive,9/28/2024,Regular checkup
DN199,234 Oak St,207.789,91.234,351,8/30/2024,Inactive,9/29/2024,Regular checkup
DN200,234 Oak St,208.789,91.234,352,8/31/2024,Inactive,9/30/2024,Regular checkup
DN201,234 Oak St,209.789,91.234,353,9/1/2024,Inactive,10/1/2024,Regular checkup
DN202,234 Oak St,210.789,91.234,354,9/2/2024,Inactive,10/2/2024,Regular checkup
DN203,234 Oak St,211.789,91.234,355,9/3/2024,Inactive,10/3/2024,Regular checkup
DN204,234 Oak St,212.789,91.234,356,9/4/2024,Inactive,10/4/2024,Regular checkup
DN205,234 Oak St,213.789,91.234,357,9/5/2024,Inactive,10/5/2024,Regular checkup
DN206,234 Oak St,214.789,91.234,358,9/6/2024,Inactive,10/6/2024,Regular checkup
DN207,234 Oak St,215.789,91.234,359,9/7/2024,Inactive,10/7/2024,Regular checkup
DN208,234 Oak St,216.789,91.234,360,9/8/2024,Inactive,10/8/2024,Regular checkup
DN209,234 Oak St,217.789,91.234,361,9/9/2024,Inactive,10/9/2024,Regular checkup
DN210,234 Oak St,218.789,91.234,362,9/10/2024,Inactive,10/10/2024,Regular checkup
DN211,234 Oak St,219.789,91.234,363,9/11/2024,Inactive,10/11/2024,Regular checkup
DN212,234 Oak St,220.789,91.234,364,9/12/2024,Inactive,10/12/2024,Regular checkup
DN213,234 Oak St,221.789,91.234,365,9/13/2024,Inactive,10/13/2024,Regular checkup
DN214,234 Oak St,222.789,91.234,366,9/14/2024,Inactive,10/14/2024,Regular checkup
DN215,234 Oak St,223.789,91.234,367,9/15/2024,Inactive,10/15/2024,Regular checkup
DN216,234 Oak St,224.789,91.234,368,9/16/2024,Inactive,10/16/2024,Regular checkup
DN217,234 Oak St,225.789,91.234,369,9/17/2024,Inactive,10/17/2024,Regular checkup
DN218,234 Oak St,226.789,91.234,370,9/18/2024,Inactive,10/18/2024,Regular checkup
DN219,234 Oak St,227.789,91.234,371,9/19/2024,Inactive,10/19/2024,Regular checkup
DN220,234 Oak St,228.789,91.234,372,9/20/2024,Inactive,10/20/2024,Regular checkup
DN221,234 Oak St,229.789,91.234,373,9/21/2024,Inactive,10/21/2024,Regular checkup
DN222,234 Oak St,230.789,91.234,374,9/22/2024,Inactive,10/22/2024,Regular checkup
DN223,234 Oak St,231.789,91.234,375,9/23/2024,Inactive,10/23/2024,Regular checkup
DN224,234 Oak St,232.789,91.234,376,9/24/2024,Inactive,10/24/2024,Regular checkup
DN225,234 Oak St,233.789,91.234,377,9/25/2024,Inactive,10/25/2024,Regular checkup
DN226,234 Oak St,234.789,91.234,378,9/26/2024,Inactive,10/26/2024,Regular checkup
DN227,234 Oak St,235.789,91.234,379,9/27/2024,Inactive,10/27/2024,Regular checkup
DN228,234 Oak St,236.789,91.234,380,9/28/2024,Inactive,10/28/2024,Regular checkup
DN229,234 Oak St,237.789,91.234,381,9/29/2024,Inactive,10/29/2024,Regular checkup
DN230,234 Oak St,238.789,91.234,382,9/30/2024,Inactive,10/30/2024,Regular checkup
DN231,234 Oak St,239.789,91.234,383,10/1/2024,Inactive,10/31/2024,Regular checkup
DN232,234 Oak St,240.789,91.234,384,10/2/2024,Inactive,11/1/2024,Regular checkup
DN233,234 Oak St,241.789,91.234,385,10/3/2024,Inactive,11/2/2024,Regular checkup
DN234,234 Oak St,242.789,91.234,386,10/4/2024,Inactive,11/3/2024,Regular checkup
DN235,234 Oak St,243.789,91.234,387,10/5/2024,Inactive,11/4/2024,Regular checkup
DN236,234 Oak St,244.789,91.234,388,10/6/2024,Inactive,11/5/2024,Regular checkup
DN237,234 Oak St,245.789,91.234,389,10/7/2024,Inactive,11/6/2024,Regular checkup
DN238,234 Oak St,246.789,91.234,390,10/8/2024,Inactive,11/7/2024,Regular checkup
DN239,234 Oak St,247.789,91.234,391,10/9/2024,Inactive,11/8/2024,Regular checkup
DN240,234 Oak St,248.789,91.234,392,10/10/2024,Inactive,11/9/2024,Regular checkup
DN241,234 Oak St,249.789,91.234,393,10/11/2024,Inactive,11/10/2024,Regular checkup
DN242,234 Oak St,250.789,91.234,394,10/12/2024,Inactive,11/11/2024,Regular checkup
DN243,234 Oak St,251.789,91.234,395,10/13/2024,Inactive,11/12/2024,Regular checkup
DN244,234 Oak St,252.789,91.234,396,10/14/2024,Inactive,11/13/2024,Regular checkup
DN245,234 Oak St,253.789,91.234,397,10/15/2024,Inactive,11/14/2024,Regular checkup
DN246,234 Oak St,254.789,91.234,398,10/16/2024,Inactive,11/15/2024,Regular checkup
DN247,234 Oak St,255.789,91.234,399,10/17/2024,Inactive,11/16/2024,Regular checkup
DN248,234 Oak St,256.789,91.234,400,10/18/2024,Inactive,11/17/2024,Regular checkup
DN249,234 Oak St,257.789,91.234,401,10/19/2024,Inactive,11/18/2024,Regular checkup
DN250,234 Oak St,258.789,91.234,402,10/20/2024,Inactive,11/19/2024,Regular checkup
DN251,234 Oak St,259.789,91.234,403,10/21/2024,Inactive,11/20/2024,Regular checkup
DN252,234 Oak St,260.789,91.234,404,10/22/2024,Inactive,11/21/2024,Regular checkup
DN253,234 Oak St,261.789,91.234,405,10/23/2024,Inactive,11/22/2024,Regular checkup
DN254,234 Oak St,262.789,91.234,406,10/24/2024,Inactive,11/23/2024,Regular checkup
DN255,234 Oak St,263.789,91.234,407,10/25/2024,Inactive,11/24/2024,Regular checkup
DN256,234 Oak St,264.789,91.234,408,10/26/2024,Inactive,11/25/2024,Regular checkup
DN257,234 Oak St,265.789,91.234,409,10/27/2024,Inactive,11/26/2024,Regular checkup
DN258,234 Oak St,266.789,91.234,410,10/28/2024,Inactive,11/27/2024,Regular checkup
DN259,234 Oak St,267.789,91.234,411,10/29/2024,Inactive,11/28/2024,Regular checkup
DN260,234 Oak St,268.789,91.234,412,10/30/2024,Inactive,11/29/2024,Regular checkup
DN261,234 Oak St,269.789,91.234,413,10/31/2024,Inactive,11/30/2024,Regular checkup
DN262,234 Oak St,270.789,91.234,414,11/1/2024,Inactive,12/1/2024,Regular checkup
DN263,234 Oak St,271.789,91.234,415,11/2/2024,Inactive,12/2/2024,Regular checkup
DN264,234 Oak St,272.789,91.234,416,11/3/2024,Inactive,12/3/2024,Regular checkup
DN265,234 Oak St,273.789,91.234,417,11/4/2024,Inactive,12/4/2024,Regular checkup
DN266,234 Oak St,274.789,91.234,418,11/5/2024,Inactive,12/5/2024,Regular checkup
DN267,234 Oak St,275.789,91.234,419,11/6/2024,Inactive,12/6/2024,Regular checkup
DN268,234 Oak St,276.789,91.234,420,11/7/2024,Inactive,12/7/2024,Regular checkup
DN269,234 Oak St,277.789,91.234,421,11/8/2024,Inactive,12/8/2024,Regular checkup
DN270,234 Oak St,278.789,91.234,422,11/9/2024,Inactive,12/9/2024,Regular checkup
DN271,234 Oak St,279.789,91.234,423,11/10/2024,Inactive,12/10/2024,Regular checkup
DN272,234 Oak St,280.789,91.234,424,11/11/2024,Inactive,12/11/2024,Regular checkup
DN273,234 Oak St,281.789,91.234,425,11/12/2024,Inactive,12/12/2024,Regular checkup
DN274,234 Oak St,282.789,91.234,426,11/13/2024,Inactive,12/13/2024,Regular checkup
DN275,234 Oak St,283.789,91.234,427,11/14/2024,Inactive,12/14/2024,Regular checkup
DN276,234 Oak St,284.789,91.234,428,11/15/2024,Inactive,12/15/2024,Regular checkup
DN277,234 Oak St,285.789,91.234,429,11/16/2024,Inactive,12/16/2024,Regular checkup
DN278,234 Oak St,286.789,91.234,430,11/17/2024,Inactive,12/17/2024,Regular checkup
DN279,234 Oak St,287.789,91.234,431,11/18/2024,Inactive,12/18/2024,Regular checkup
DN280,234 Oak St,288.789,91.234,432,11/19/2024,Inactive,12/19/2024,Regular checkup
DN281,234 Oak St,289.789,91.234,433,11/20/2024,Inactive,12/20/2024,Regular checkup
DN282,234 Oak St,290.789,91.234,434,11/21/2024,Inactive,12/21/2024,Regular checkup
DN283,234 Oak St,291.789,91.234,435,11/22/2024,Inactive,12/22/2024,Regular checkup
DN284,234 Oak St,292.789,91.234,436,11/23/2024,Inactive,12/23/2024,Regular checkup
DN285,234 Oak St,293.789,91.234,437,11/24/2024,Inactive,12/24/2024,Regular checkup
DN286,234 Oak St,294.789,91.234,438,11/25/2024,Inactive,12/25/2024,Regular checkup
DN287,234 Oak St,295.789,91.234,439,11/26/2024,Inactive,12/26/2024,Regular checkup
DN288,234 Oak St,296.789,91.234,440,11/27/2024,Inactive,12/27/2024,Regular checkup
DN289,234 Oak St,297.789,91.234,441,11/28/2024,Inactive,12/28/2024,Regular checkup
DN290,234 Oak St,298.789,91.234,442,11/29/2024,Inactive,12/29/2024,Regular checkup
DN291,234 Oak St,299.789,91.234,443,11/30/2024,Inactive,12/30/2024,Regular checkup
DN292,234 Oak St,300.789,91.234,444,12/1/2024,Inactive,12/31/2024,Regular checkup
DN293,234 Oak St,301.789,91.234,445,12/2/2024,Inactive,1/1/2025,Regular checkup
DN294,234 Oak St,302.789,91.234,446,12/3/2024,Inactive,1/2/2025,Regular checkup
DN295,234 Oak St,303.789,91.234,447,12/4/2024,Inactive,1/3/2025,Regular checkup
DN296,234 Oak St,304.789,91.234,448,12/5/2024,Inactive,1/4/2025,Regular checkup
DN297,234 Oak St,305.789,91.234,449,12/6/2024,Inactive,1/5/2025,Regular checkup
DN298,234 Oak St,306.789,91.234,450,12/7/2024,Inactive,1/6/2025,Regular checkup
DN299,234 Oak St,307.789,91.234,451,12/8/2024,Inactive,1/7/2025,Regular checkup
DN300,234 Oak St,308.789,91.234,452,12/9/2024,Inactive,1/8/2025,Regular checkup
DN301,234 Oak St,309.789,91.234,453,12/10/2024,Inactive,1/9/2025,Regular checkup
DN302,234 Oak St,310.789,91.234,454,12/11/2024,Inactive,1/10/2025,Regular checkup
DN303,234 Oak St,311.789,91.234,455,12/12/2024,Inactive,1/11/2025,Regular checkup
DN304,234 Oak St,312.789,91.234,456,12/13/2024,Inactive,1/12/2025,Regular checkup
DN305,234 Oak St,313.789,91.234,457,12/14/2024,Inactive,1/13/2025,Regular checkup
DN306,234 Oak St,314.789,91.234,458,12/15/2024,Inactive,1/14/2025,Regular checkup
DN307,234 Oak St,315.789,91.234,459,12/16/2024,Inactive,1/15/2025,Regular checkup
DN308,234 Oak St,316.789,91.234,460,12/17/2024,Inactive,1/16/2025,Regular checkup
DN309,234 Oak St,317.789,91.234,461,12/18/2024,Inactive,1/17/2025,Regular checkup
DN310,234 Oak St,318.789,91.234,462,12/19/2024,Inactive,1/18/2025,Regular checkup
DN311,234 Oak St,319.789,91.234,463,12/20/2024,Inactive,1/19/2025,Regular checkup
DN312,234 Oak St,320.789,91.234,464,12/21/2024,Inactive,1/20/2025,Regular checkup
DN313,234 Oak St,321.789,91.234,465,12/22/2024,Inactive,1/21/2025,Regular checkup
DN314,234 Oak St,322.789,91.234,466,12/23/2024,Inactive,1/22/2025,Regular checkup
DN315,234 Oak St,323.789,91.234,467,12/24/2024,Inactive,1/23/2025,Regular checkup
DN316,234 Oak St,324.789,91.234,468,12/25/2024,Inactive,1/24/2025,Regular checkup
DN317,234 Oak St,325.789,91.234,469,12/26/2024,Inactive,1/25/2025,Regular checkup
DN318,234 Oak St,326.789,91.234,470,12/27/2024,Inactive,1/26/2025,Regular checkup
DN319,234 Oak St,327.789,91.234,471,12/28/2024,Inactive,1/27/2025,Regular checkup
DN320,234 Oak St,328.789,91.234,472,12/29/2024,Inactive,1/28/2025,Regular checkup
DN321,234 Oak St,329.789,91.234,473,12/30/2024,Inactive,1/29/2025,Regular checkup
DN322,234 Oak St,330.789,91.234,474,12/31/2024,Inactive,1/30/2025,Regular checkup
DN323,234 Oak St,331.789,91.234,475,1/1/2025,Inactive,1/31/2025,Regular checkup
DN324,234 Oak St,332.789,91.234,476,1/2/2025,Inactive,2/1/2025,Regular checkup
DN325,234 Oak St,333.789,91.234,477,1/3/2025,Inactive,2/2/2025,Regular checkup
DN326,234 Oak St,334.789,91.234,478,1/4/2025,Inactive,2/3/2025,Regular checkup
DN327,234 Oak St,335.789,91.234,479,1/5/2025,Inactive,2/4/2025,Regular checkup
DN328,234 Oak St,336.789,91.234,480,1/6/2025,Inactive,2/5/2025,Regular checkup
DN329,234 Oak St,337.789,91.234,481,1/7/2025,Inactive,2/6/2025,Regular checkup
DN330,234 Oak St,338.789,91.234,482,1/8/2025,Inactive,2/7/2025,Regular checkup
DN331,234 Oak St,339.789,91.234,483,1/9/2025,Inactive,2/8/2025,Regular checkup
DN332,234 Oak St,340.789,91.234,484,1/10/2025,Inactive,2/9/2025,Regular checkup
DN333,234 Oak St,341.789,91.234,485,1/11/2025,Inactive,2/10/2025,Regular checkup
DN334,234 Oak St,342.789,91.234,486,1/12/2025,Inactive,2/11/2025,Regular checkup
DN335,234 Oak St,343.789,91.234,487,1/13/2025,Inactive,2/12/2025,Regular checkup
DN336,234 Oak St,344.789,91.234,488,1/14/2025,Inactive,2/13/2025,Regular checkup
DN337,234 Oak St,345.789,91.234,489,1/15/2025,Inactive,2/14/2025,Regular checkup
DN338,234 Oak St,346.789,91.234,490,1/16/2025,Inactive,2/15/2025,Regular checkup
DN339,234 Oak St,347.789,91.234,491,1/17/2025,Inactive,2/16/2025,Regular checkup
DN340,234 Oak St,348.789,91.234,492,1/18/2025,Inactive,2/17/2025,Regular checkup
DN341,234 Oak St,349.789,91.234,493,1/19/2025,Inactive,2/18/2025,Regular checkup
DN342,234 Oak St,350.789,91.234,494,1/20/2025,Inactive,2/19/2025,Regular checkup
DN343,234 Oak St,351.789,91.234,495,1/21/2025,Inactive,2/20/2025,Regular checkup
DN344,234 Oak St,352.789,91.234,496,1/22/2025,Inactive,2/21/2025,Regular checkup
DN345,234 Oak St,353.789,91.234,497,1/23/2025,Inactive,2/22/2025,Regular checkup
DN346,234 Oak St,354.789,91.234,498,1/24/2025,Inactive,2/23/2025,Regular checkup
DN347,234 Oak St,355.789,91.234,499,1/25/2025,Inactive,2/24/2025,Regular checkup
DN348,234 Oak St,356.789,91.234,500,1/26/2025,Inactive,2/25/2025,Regular checkup
DN349,234 Oak St,357.789,91.234,501,1/27/2025,Inactive,2/26/2025,Regular checkup
DN350,234 Oak St,358.789,91.234,502,1/28/2025,Inactive,2/27/2025,Regular checkup
DN351,234 Oak St,359.789,91.234,503,1/29/2025,Inactive,2/28/2025,Regular checkup
DN352,234 Oak St,360.789,91.234,504,1/30/2025,Inactive,3/1/2025,Regular checkup
DN353,234 Oak St,361.789,91.234,505,1/31/2025,Inactive,3/2/2025,Regular checkup
DN354,234 Oak St,362.789,91.234,506,2/1/2025,Inactive,3/3/2025,Regular checkup
DN355,234 Oak St,363.789,91.234,507,2/2/2025,Inactive,3/4/2025,Regular checkup
DN356,234 Oak St,364.789,91.234,508,2/3/2025,Inactive,3/5/2025,Regular checkup
DN357,234 Oak St,365.789,91.234,509,2/4/2025,Inactive,3/6/2025,Regular checkup
DN358,234 Oak St,366.789,91.234,510,2/5/2025,Inactive,3/7/2025,Regular checkup
DN359,234 Oak St,367.789,91.234,511,2/6/2025,Inactive,3/8/2025,Regular checkup
DN360,234 Oak St,368.789,91.234,512,2/7/2025,Inactive,3/9/2025,Regular checkup
DN361,234 Oak St,369.789,91.234,513,2/8/2025,Inactive,3/10/2025,Regular checkup
DN362,234 Oak St,370.789,91.234,514,2/9/2025,Inactive,3/11/2025,Regular checkup
DN363,234 Oak St,371.789,91.234,515,2/10/2025,Inactive,3/12/2025,Regular checkup
DN364,234 Oak St,372.789,91.234,516,2/11/2025,Inactive,3/13/2025,Regular checkup
DN365,234 Oak St,373.789,91.234,517,2/12/2025,Inactive,3/14/2025,Regular checkup
DN366,234 Oak St,374.789,91.234,518,2/13/2025,Inactive,3/15/2025,Regular checkup
DN367,234 Oak St,375.789,91.234,519,2/14/2025,Inactive,3/16/2025,Regular checkup
DN368,234 Oak St,376.789,91.234,520,2/15/2025,Inactive,3/17/2025,Regular checkup
DN369,234 Oak St,377.789,91.234,521,2/16/2025,Inactive,3/18/2025,Regular checkup
DN370,234 Oak St,378.789,91.234,522,2/17/2025,Inactive,3/19/2025,Regular checkup
DN371,234 Oak St,379.789,91.234,523,2/18/2025,Inactive,3/20/2025,Regular checkup
DN372,234 Oak St,380.789,91.234,524,2/19/2025,Inactive,3/21/2025,Regular checkup
DN373,234 Oak St,381.789,91.234,525,2/20/2025,Inactive,3/22/2025,Regular checkup
DN374,234 Oak St,382.789,91.234,526,2/21/2025,Inactive,3/23/2025,Regular checkup
DN375,234 Oak St,383.789,91.234,527,2/22/2025,Inactive,3/24/2025,Regular checkup
DN376,234 Oak St,384.789,91.234,528,2/23/2025,Inactive,3/25/2025,Regular checkup
DN377,234 Oak St,385.789,91.234,529,2/24/2025,Inactive,3/26/2025,Regular checkup
DN378,234 Oak St,386.789,91.234,530,2/25/2025,Inactive,3/27/2025,Regular checkup
DN379,234 Oak St,387.789,91.234,531,2/26/2025,Inactive,3/28/2025,Regular checkup
DN380,234 Oak St,388.789,91.234,532,2/27/2025,Inactive,3/29/2025,Regular checkup
DN381,234 Oak St,389.789,91.234,533,2/28/2025,Inactive,3/30/2025,Regular checkup
DN382,234 Oak St,390.789,91.234,534,3/1/2025,Inactive,3/31/2025,Regular checkup
DN383,234 Oak St,391.789,91.234,535,3/2/2025,Inactive,4/1/2025,Regular checkup
DN384,234 Oak St,392.789,91.234,536,3/3/2025,Inactive,4/2/2025,Regular checkup
DN385,234 Oak St,393.789,91.234,537,3/4/2025,Inactive,4/3/2025,Regular checkup
DN386,234 Oak St,394.789,91.234,538,3/5/2025,Inactive,4/4/2025,Regular checkup
DN387,234 Oak St,395.789,91.234,539,3/6/2025,Inactive,4/5/2025,Regular checkup
DN388,234 Oak St,396.789,91.234,540,3/7/2025,Inactive,4/6/2025,Regular checkup
DN389,234 Oak St,397.789,91.234,541,3/8/2025,Inactive,4/7/2025,Regular checkup
DN390,234 Oak St,398.789,91.234,542,3/9/2025,Inactive,4/8/2025,Regular checkup
DN391,234 Oak St,399.789,91.234,543,3/10/2025,Inactive,4/9/2025,Regular checkup
DN392,234 Oak St,400.789,91.234,544,3/11/2025,Inactive,4/10/2025,Regular checkup
DN393,234 Oak St,401.789,91.234,545,3/12/2025,Inactive,4/11/2025,Regular checkup
DN394,234 Oak St,402.789,91.234,546,3/13/2025,Inactive,4/12/2025,Regular checkup
DN395,234 Oak St,403.789,91.234,547,3/14/2025,Inactive,4/13/2025,Regular checkup
DN396,234 Oak St,404.789,91.234,548,3/15/2025,Inactive,4/14/2025,Regular checkup
DN397,234 Oak St,405.789,91.234,549,3/16/2025,Inactive,4/15/2025,Regular checkup
DN398,234 Oak St,406.789,91.234,550,3/17/2025,Inactive,4/16/2025,Regular checkup
DN399,234 Oak St,407.789,91.234,551,3/18/2025,Inactive,4/17/2025,Regular checkup
DN400,234 Oak St,408.789,91.234,552,3/19/2025,Inactive,4/18/2025,Regular checkup
DN401,234 Oak St,409.789,91.234,553,3/20/2025,Inactive,4/19/2025,Regular checkup
DN402,234 Oak St,410.789,91.234,554,3/21/2025,Inactive,4/20/2025,Regular checkup
DN403,234 Oak St,411.789,91.234,555,3/22/2025,Inactive,4/21/2025,Regular checkup
DN404,234 Oak St,412.789,91.234,556,3/23/2025,Inactive,4/22/2025,Regular checkup
DN405,234 Oak St,413.789,91.234,557,3/24/2025,Inactive,4/23/2025,Regular checkup
DN406,234 Oak St,414.789,91.234,558,3/25/2025,Inactive,4/24/2025,Regular checkup
DN407,234 Oak St,415.789,91.234,559,3/26/2025,Inactive,4/25/2025,Regular checkup
DN408,234 Oak St,416.789,91.234,560,3/27/2025,Inactive,4/26/2025,Regular checkup
DN409,234 Oak St,417.789,91.234,561,3/28/2025,Inactive,4/27/2025,Regular checkup
DN410,234 Oak St,418.789,91.234,562,3/29/2025,Inactive,4/28/2025,Regular checkup
DN411,234 Oak St,419.789,91.234,563,3/30/2025,Inactive,4/29/2025,Regular checkup
DN412,234 Oak St,420.789,91.234,564,3/31/2025,Inactive,4/30/2025,Regular checkup
DN413,234 Oak St,421.789,91.234,565,4/1/2025,Inactive,5/1/2025,Regular checkup
DN414,234 Oak St,422.789,91.234,566,4/2/2025,Inactive,5/2/2025,Regular checkup
DN415,234 Oak St,423.789,91.234,567,4/3/2025,Inactive,5/3/2025,Regular checkup
DN416,234 Oak St,424.789,91.234,568,4/4/2025,Inactive,5/4/2025,Regular checkup
DN417,234 Oak St,425.789,91.234,569,4/5/2025,Inactive,5/5/2025,Regular checkup
DN418,234 Oak St,426.789,91.234,570,4/6/2025,Inactive,5/6/2025,Regular checkup
DN419,234 Oak St,427.789,91.234,571,4/7/2025,Inactive,5/7/2025,Regular checkup
DN420,234 Oak St,428.789,91.234,572,4/8/2025,Inactive,5/8/2025,Regular checkup
DN421,234 Oak St,429.789,91.234,573,4/9/2025,Inactive,5/9/2025,Regular checkup
DN422,234 Oak St,430.789,91.234,574,4/10/2025,Inactive,5/10/2025,Regular checkup
DN423,234 Oak St,431.789,91.234,575,4/11/2025,Inactive,5/11/2025,Regular checkup
DN424,234 Oak St,432.789,91.234,576,4/12/2025,Inactive,5/12/2025,Regular checkup
DN425,234 Oak St,433.789,91.234,577,4/13/2025,Inactive,5/13/2025,Regular checkup
DN426,234 Oak St,434.789,91.234,578,4/14/2025,Inactive,5/14/2025,Regular checkup
DN427,234 Oak St,435.789,91.234,579,4/15/2025,Inactive,5/15/2025,Regular checkup
DN428,234 Oak St,436.789,91.234,580,4/16/2025,Inactive,5/16/2025,Regular checkup
DN429,234 Oak St,437.789,91.234,581,4/17/2025,Inactive,5/17/2025,Regular checkup
DN430,234 Oak St,438.789,91.234,582,4/18/2025,Inactive,5/18/2025,Regular checkup
DN431,234 Oak St,439.789,91.234,583,4/19/2025,Inactive,5/19/2025,Regular checkup
DN432,234 Oak St,440.789,91.234,584,4/20/2025,Inactive,5/20/2025,Regular checkup
DN433,234 Oak St,441.789,91.234,585,4/21/2025,Inactive,5/21/2025,Regular checkup
DN434,234 Oak St,442.789,91.234,586,4/22/2025,Inactive,5/22/2025,Regular checkup
DN435,234 Oak St,443.789,91.234,587,4/23/2025,Inactive,5/23/2025,Regular checkup
DN436,234 Oak St,444.789,91.234,588,4/24/2025,Inactive,5/24/2025,Regular checkup
DN437,234 Oak St,445.789,91.234,589,4/25/2025,Inactive,5/25/2025,Regular checkup
DN438,234 Oak St,446.789,91.234,590,4/26/2025,Inactive,5/26/2025,Regular checkup
DN439,234 Oak St,447.789,91.234,591,4/27/2025,Inactive,5/27/2025,Regular checkup
DN440,234 Oak St,448.789,91.234,592,4/28/2025,Inactive,5/28/2025,Regular checkup
DN441,234 Oak St,449.789,91.234,593,4/29/2025,Inactive,5/29/2025,Regular checkup
DN442,234 Oak St,450.789,91.234,594,4/30/2025,Inactive,5/30/2025,Regular checkup
DN443,234 Oak St,451.789,91.234,595,5/1/2025,Inactive,5/31/2025,Regular checkup
DN444,234 Oak St,452.789,91.234,596,5/2/2025,Inactive,6/1/2025,Regular checkup
DN445,234 Oak St,453.789,91.234,597,5/3/2025,Inactive,6/2/2025,Regular checkup
DN446,234 Oak St,454.789,91.234,598,5/4/2025,Inactive,6/3/2025,Regular checkup
DN447,234 Oak St,455.789,91.234,599,5/5/2025,Inactive,6/4/2025,Regular checkup
DN448,234 Oak St,456.789,91.234,600,5/6/2025,Inactive,6/5/2025,Regular checkup
DN449,234 Oak St,457.789,91.234,601,5/7/2025,Inactive,6/6/2025,Regular checkup
DN450,234 Oak St,458.789,91.234,602,5/8/2025,Inactive,6/7/2025,Regular checkup
DN451,234 Oak St,459.789,91.234,603,5/9/2025,Inactive,6/8/2025,Regular checkup
DN452,234 Oak St,460.789,91.234,604,5/10/2025,Inactive,6/9/2025,Regular checkup
DN453,234 Oak St,461.789,91.234,605,5/11/2025,Inactive,6/10/2025,Regular checkup
DN454,234 Oak St,462.789,91.234,606,5/12/2025,Inactive,6/11/2025,Regular checkup
DN455,234 Oak St,463.789,91.234,607,5/13/2025,Inactive,6/12/2025,Regular checkup
DN456,234 Oak St,464.789,91.234,608,5/14/2025,Inactive,6/13/2025,Regular checkup
DN457,234 Oak St,465.789,91.234,609,5/15/2025,Inactive,6/14/2025,Regular checkup
DN458,234 Oak St,466.789,91.234,610,5/16/2025,Inactive,6/15/2025,Regular checkup
DN459,234 Oak St,467.789,91.234,611,5/17/2025,Inactive,6/16/2025,Regular checkup
DN460,234 Oak St,468.789,91.234,612,5/18/2025,Inactive,6/17/2025,Regular checkup
DN461,234 Oak St,469.789,91.234,613,5/19/2025,Inactive,6/18/2025,Regular checkup
DN462,234 Oak St,470.789,91.234,614,5/20/2025,Inactive,6/19/2025,Regular checkup
DN463,234 Oak St,471.789,91.234,615,5/21/2025,Inactive,6/20/2025,Regular checkup
DN464,234 Oak St,472.789,91.234,616,5/22/2025,Inactive,6/21/2025,Regular checkup
DN465,234 Oak St,473.789,91.234,617,5/23/2025,Inactive,6/22/2025,Regular checkup
DN466,234 Oak St,474.789,91.234,618,5/24/2025,Inactive,6/23/2025,Regular checkup
DN467,234 Oak St,475.789,91.234,619,5/25/2025,Inactive,6/24/2025,Regular checkup
DN468,234 Oak St,476.789,91.234,620,5/26/2025,Inactive,6/25/2025,Regular checkup
DN469,234 Oak St,477.789,91.234,621,5/27/2025,Inactive,6/26/2025,Regular checkup
DN470,234 Oak St,478.789,91.234,622,5/28/2025,Inactive,6/27/2025,Regular checkup
DN471,234 Oak St,479.789,91.234,623,5/29/2025,Inactive,6/28/2025,Regular checkup
DN472,234 Oak St,480.789,91.234,624,5/30/2025,Inactive,6/29/2025,Regular checkup
DN473,234 Oak St,481.789,91.234,625,5/31/2025,Inactive,6/30/2025,Regular checkup
DN474,234 Oak St,482.789,91.234,626,6/1/2025,Inactive,7/1/2025,Regular checkup
DN475,234 Oak St,483.789,91.234,627,6/2/2025,Inactive,7/2/2025,Regular checkup
DN476,234 Oak St,484.789,91.234,628,6/3/2025,Inactive,7/3/2025,Regular checkup
DN477,234 Oak St,485.789,91.234,629,6/4/2025,Inactive,7/4/2025,Regular checkup
DN478,234 Oak St,486.789,91.234,630,6/5/2025,Inactive,7/5/2025,Regular checkup
DN479,234 Oak St,487.789,91.234,631,6/6/2025,Inactive,7/6/2025,Regular checkup
DN480,234 Oak St,488.789,91.234,632,6/7/2025,Inactive,7/7/2025,Regular checkup
DN481,234 Oak St,489.789,91.234,633,6/8/2025,Inactive,7/8/2025,Regular checkup
DN482,234 Oak St,490.789,91.234,634,6/9/2025,Inactive,7/9/2025,Regular checkup
DN483,234 Oak St,491.789,91.234,635,6/10/2025,Inactive,7/10/2025,Regular checkup
DN484,234 Oak St,492.789,91.234,636,6/11/2025,Inactive,7/11/2025,Regular checkup
DN485,234 Oak St,493.789,91.234,637,6/12/2025,Inactive,7/12/2025,Regular checkup
DN486,234 Oak St,494.789,91.234,638,6/13/2025,Inactive,7/13/2025,Regular checkup
DN487,234 Oak St,495.789,91.234,639,6/14/2025,Inactive,7/14/2025,Regular checkup
DN488,234 Oak St,496.789,91.234,640,6/15/2025,Inactive,7/15/2025,Regular checkup
DN489,234 Oak St,497.789,91.234,641,6/16/2025,Inactive,7/16/2025,Regular checkup
DN490,234 Oak St,498.789,91.234,642,6/17/2025,Inactive,7/17/2025,Regular checkup
DN491,234 Oak St,499.789,91.234,643,6/18/2025,Inactive,7/18/2025,Regular checkup
DN492,234 Oak St,500.789,91.234,644,6/19/2025,Inactive,7/19/2025,Regular checkup
DN493,234 Oak St,501.789,91.234,645,6/20/2025,Inactive,7/20/2025,Regular checkup
DN494,234 Oak St,502.789,91.234,646,6/21/2025,Inactive,7/21/2025,Regular checkup
DN495,234 Oak St,503.789,91.234,647,6/22/2025,Inactive,7/22/2025,Regular checkup
DN496,234 Oak St,504.789,91.234,648,6/23/2025,Inactive,7/23/2025,Regular checkup
DN497,234 Oak St,505.789,91.234,649,6/24/2025,Inactive,7/24/2025,Regular checkup
DN498,234 Oak St,506.789,91.234,650,6/25/2025,Inactive,7/25/2025,Regular checkup
DN499,234 Oak St,507.789,91.234,651,6/26/2025,Inactive,7/26/2025,Regular checkup
DN500,234 Oak St,508.789,91.234,652,6/27/2025,Inactive,7/27/2025,Regular checkup
DN501,234 Oak St,509.789,91.234,653,6/28/2025,Inactive,7/28/2025,Regular checkup
DN502,234 Oak St,510.789,91.234,654,6/29/2025,Inactive,7/29/2025,Regular checkup
DN503,234 Oak St,511.789,91.234,655,6/30/2025,Inactive,7/30/2025,Regular checkup
DN504,234 Oak St,512.789,91.234,656,7/1/2025,Inactive,7/31/2025,Regular checkup
DN505,234 Oak St,513.789,91.234,657,7/2/2025,Inactive,8/1/2025,Regular checkup
DN506,234 Oak St,514.789,91.234,658,7/3/2025,Inactive,8/2/2025,Regular checkup
DN507,234 Oak St,515.789,91.234,659,7/4/2025,Inactive,8/3/2025,Regular checkup
DN508,234 Oak St,516.789,91.234,660,7/5/2025,Inactive,8/4/2025,Regular checkup
DN509,234 Oak St,517.789,91.234,661,7/6/2025,Inactive,8/5/2025,Regular checkup
DN510,234 Oak St,518.789,91.234,662,7/7/2025,Inactive,8/6/2025,Regular checkup
DN511,234 Oak St,519.789,91.234,663,7/8/2025,Inactive,8/7/2025,Regular checkup
DN512,234 Oak St,520.789,91.234,664,7/9/2025,Inactive,8/8/2025,Regular checkup
DN513,234 Oak St,521.789,91.234,665,7/10/2025,Inactive,8/9/2025,Regular checkup
DN514,234 Oak St,522.789,91.234,666,7/11/2025,Inactive,8/10/2025,Regular checkup
DN515,234 Oak St,523.789,91.234,667,7/12/2025,Inactive,8/11/2025,Regular checkup
DN516,234 Oak St,524.789,91.234,668,7/13/2025,Inactive,8/12/2025,Regular checkup
DN517,234 Oak St,525.789,91.234,669,7/14/2025,Inactive,8/13/2025,Regular checkup
DN518,234 Oak St,526.789,91.234,670,7/15/2025,Inactive,8/14/2025,Regular checkup
DN519,234 Oak St,527.789,91.234,671,7/16/2025,Inactive,8/15/2025,Regular checkup
DN520,234 Oak St,528.789,91.234,672,7/17/2025,Inactive,8/16/2025,Regular checkup
DN521,234 Oak St,529.789,91.234,673,7/18/2025,Inactive,8/17/2025,Regular checkup
DN522,234 Oak St,530.789,91.234,674,7/19/2025,Inactive,8/18/2025,Regular checkup
DN523,234 Oak St,531.789,91.234,675,7/20/2025,Inactive,8/19/2025,Regular checkup
DN524,234 Oak St,532.789,91.234,676,7/21/2025,Inactive,8/20/2025,Regular checkup
DN525,234 Oak St,533.789,91.234,677,7/22/2025,Inactive,8/21/2025,Regular checkup
DN526,234 Oak St,534.789,91.234,678,7/23/2025,Inactive,8/22/2025,Regular checkup
DN527,234 Oak St,535.789,91.234,679,7/24/2025,Inactive,8/23/2025,Regular checkup
DN528,234 Oak St,536.789,91.234,680,7/25/2025,Inactive,8/24/2025,Regular checkup
DN529,234 Oak St,537.789,91.234,681,7/26/2025,Inactive,8/25/2025,Regular checkup
DN530,234 Oak St,538.789,91.234,682,7/27/2025,Inactive,8/26/2025,Regular checkup
DN531,234 Oak St,539.789,91.234,683,7/28/2025,Inactive,8/27/2025,Regular checkup
DN532,234 Oak St,540.789,91.234,684,7/29/2025,Inactive,8/28/2025,Regular checkup
DN533,234 Oak St,541.789,91.234,685,7/30/2025,Inactive,8/29/2025,Regular checkup
DN534,234 Oak St,542.789,91.234,686,7/31/2025,Inactive,8/30/2025,Regular checkup
DN535,234 Oak St,543.789,91.234,687,8/1/2025,Inactive,8/31/2025,Regular checkup
DN536,234 Oak St,544.789,91.234,688,8/2/2025,Inactive,9/1/2025,Regular checkup
DN537,234 Oak St,545.789,91.234,689,8/3/2025,Inactive,9/2/2025,Regular checkup
DN538,234 Oak St,546.789,91.234,690,8/4/2025,Inactive,9/3/2025,Regular checkup
DN539,234 Oak St,547.789,91.234,691,8/5/2025,Inactive,9/4/2025,Regular checkup
DN540,234 Oak St,548.789,91.234,692,8/6/2025,Inactive,9/5/2025,Regular checkup
DN541,234 Oak St,549.789,91.234,693,8/7/2025,Inactive,9/6/2025,Regular checkup
DN542,234 Oak St,550.789,91.234,694,8/8/2025,Inactive,9/7/2025,Regular checkup
DN543,234 Oak St,551.789,91.234,695,8/9/2025,Inactive,9/8/2025,Regular checkup
DN544,234 Oak St,552.789,91.234,696,8/10/2025,Inactive,9/9/2025,Regular checkup
DN545,234 Oak St,553.789,91.234,697,8/11/2025,Inactive,9/10/2025,Regular checkup
DN546,234 Oak St,554.789,91.234,698,8/12/2025,Inactive,9/11/2025,Regular checkup
DN547,234 Oak St,555.789,91.234,699,8/13/2025,Inactive,9/12/2025,Regular checkup
DN548,234 Oak St,556.789,91.234,700,8/14/2025,Inactive,9/13/2025,Regular checkup
DN549,234 Oak St,557.789,91.234,701,8/15/2025,Inactive,9/14/2025,Regular checkup
DN550,234 Oak St,558.789,91.234,702,8/16/2025,Inactive,9/15/2025,Regular checkup
DN551,234 Oak St,559.789,91.234,703,8/17/2025,Inactive,9/16/2025,Regular checkup
DN552,234 Oak St,560.789,91.234,704,8/18/2025,Inactive,9/17/2025,Regular checkup
DN553,234 Oak St,561.789,91.234,705,8/19/2025,Inactive,9/18/2025,Regular checkup
DN554,234 Oak St,562.789,91.234,706,8/20/2025,Inactive,9/19/2025,Regular checkup
DN555,234 Oak St,563.789,91.234,707,8/21/2025,Inactive,9/20/2025,Regular checkup
DN556,234 Oak St,564.789,91.234,708,8/22/2025,Inactive,9/21/2025,Regular checkup
DN557,234 Oak St,565.789,91.234,709,8/23/2025,Inactive,9/22/2025,Regular checkup
DN558,234 Oak St,566.789,91.234,710,8/24/2025,Inactive,9/23/2025,Regular checkup
DN559,234 Oak St,567.789,91.234,711,8/25/2025,Inactive,9/24/2025,Regular checkup
DN560,234 Oak St,568.789,91.234,712,8/26/2025,Inactive,9/25/2025,Regular checkup
DN561,234 Oak St,569.789,91.234,713,8/27/2025,Inactive,9/26/2025,Regular checkup
DN562,234 Oak St,570.789,91.234,714,8/28/2025,Inactive,9/27/2025,Regular checkup
DN563,234 Oak St,571.789,91.234,715,8/29/2025,Inactive,9/28/2025,Regular checkup
DN564,234 Oak St,572.789,91.234,716,8/30/2025,Inactive,9/29/2025,Regular checkup
DN565,234 Oak St,573.789,91.234,717,8/31/2025,Inactive,9/30/2025,Regular checkup
DN566,234 Oak St,574.789,91.234,718,9/1/2025,Inactive,10/1/2025,Regular checkup
DN567,234 Oak St,575.789,91.234,719,9/2/2025,Inactive,10/2/2025,Regular checkup
DN568,234 Oak St,576.789,91.234,720,9/3/2025,Inactive,10/3/2025,Regular checkup
DN569,234 Oak St,577.789,91.234,721,9/4/2025,Inactive,10/4/2025,Regular checkup
DN570,234 Oak St,578.789,91.234,722,9/5/2025,Inactive,10/5/2025,Regular checkup
DN571,234 Oak St,579.789,91.234,723,9/6/2025,Inactive,10/6/2025,Regular checkup
DN572,234 Oak St,580.789,91.234,724,9/7/2025,Inactive,10/7/2025,Regular checkup
DN573,234 Oak St,581.789,91.234,725,9/8/2025,Inactive,10/8/2025,Regular checkup
DN574,234 Oak St,582.789,91.234,726,9/9/2025,Inactive,10/9/2025,Regular checkup
DN575,234 Oak St,583.789,91.234,727,9/10/2025,Inactive,10/10/2025,Regular checkup
DN576,234 Oak St,584.789,91.234,728,9/11/2025,Inactive,10/11/2025,Regular checkup
DN577,234 Oak St,585.789,91.234,729,9/12/2025,Inactive,10/12/2025,Regular checkup
DN578,234 Oak St,586.789,91.234,730,9/13/2025,Inactive,10/13/2025,Regular checkup
DN579,234 Oak St,587.789,91.234,731,9/14/2025,Inactive,10/14/2025,Regular checkup
DN580,234 Oak St,588.789,91.234,732,9/15/2025,Inactive,10/15/2025,Regular checkup
DN581,234 Oak St,589.789,91.234,733,9/16/2025,Inactive,10/16/2025,Regular checkup
DN582,234 Oak St,590.789,91.234,734,9/17/2025,Inactive,10/17/2025,Regular checkup
DN583,234 Oak St,591.789,91.234,735,9/18/2025,Inactive,10/18/2025,Regular checkup
DN584,234 Oak St,592.789,91.234,736,9/19/2025,Inactive,10/19/2025,Regular checkup
DN585,234 Oak St,593.789,91.234,737,9/20/2025,Inactive,10/20/2025,Regular checkup
DN586,234 Oak St,594.789,91.234,738,9/21/2025,Inactive,10/21/2025,Regular checkup
DN587,234 Oak St,595.789,91.234,739,9/22/2025,Inactive,10/22/2025,Regular checkup
DN588,234 Oak St,596.789,91.234,740,9/23/2025,Inactive,10/23/2025,Regular checkup
DN589,234 Oak St,597.789,91.234,741,9/24/2025,Inactive,10/24/2025,Regular checkup
DN590,234 Oak St,598.789,91.234,742,9/25/2025,Inactive,10/25/2025,Regular checkup
DN591,234 Oak St,599.789,91.234,743,9/26/2025,Inactive,10/26/2025,Regular checkup
DN592,234 Oak St,600.789,91.234,744,9/27/2025,Inactive,10/27/2025,Regular checkup
DN593,234 Oak St,601.789,91.234,745,9/28/2025,Inactive,10/28/2025,Regular checkup
DN594,234 Oak St,602.789,91.234,746,9/29/2025,Inactive,10/29/2025,Regular checkup
DN595,234 Oak St,603.789,91.234,747,9/30/2025,Inactive,10/30/2025,Regular checkup
DN596,234 Oak St,604.789,91.234,748,10/1/2025,Inactive,10/31/2025,Regular checkup
DN597,234 Oak St,605.789,91.234,749,10/2/2025,Inactive,11/1/2025,Regular checkup
DN598,234 Oak St,606.789,91.234,750,10/3/2025,Inactive,11/2/2025,Regular checkup
DN599,234 Oak St,607.789,91.234,751,10/4/2025,Inactive,11/3/2025,Regular checkup
DN600,234 Oak St,608.789,91.234,752,10/5/2025,Inactive,11/4/2025,Regular checkup
DN601,234 Oak St,609.789,91.234,753,10/6/2025,Inactive,11/5/2025,Regular checkup
DN602,234 Oak St,610.789,91.234,754,10/7/2025,Inactive,11/6/2025,Regular checkup
DN603,234 Oak St,611.789,91.234,755,10/8/2025,Inactive,11/7/2025,Regular checkup
DN604,234 Oak St,612.789,91.234,756,10/9/2025,Inactive,11/8/2025,Regular checkup
DN605,234 Oak St,613.789,91.234,757,10/10/2025,Inactive,11/9/2025,Regular checkup
DN606,234 Oak St,614.789,91.234,758,10/11/2025,Inactive,11/10/2025,Regular checkup
DN607,234 Oak St,615.789,91.234,759,10/12/2025,Inactive,11/11/2025,Regular checkup
DN608,234 Oak St,616.789,91.234,760,10/13/2025,Inactive,11/12/2025,Regular checkup
DN609,234 Oak St,617.789,91.234,761,10/14/2025,Inactive,11/13/2025,Regular checkup
DN610,234 Oak St,618.789,91.234,762,10/15/2025,Inactive,11/14/2025,Regular checkup
DN611,234 Oak St,619.789,91.234,763,10/16/2025,Inactive,11/15/2025,Regular checkup
DN612,234 Oak St,620.789,91.234,764,10/17/2025,Inactive,11/16/2025,Regular checkup
DN613,234 Oak St,621.789,91.234,765,10/18/2025,Inactive,11/17/2025,Regular checkup
DN614,234 Oak St,622.789,91.234,766,10/19/2025,Inactive,11/18/2025,Regular checkup
DN615,234 Oak St,623.789,91.234,767,10/20/2025,Inactive,11/19/2025,Regular checkup
DN616,234 Oak St,624.789,91.234,768,10/21/2025,Inactive,11/20/2025,Regular checkup
DN617,234 Oak St,625.789,91.234,769,10/22/2025,Inactive,11/21/2025,Regular checkup
DN618,234 Oak St,626.789,91.234,770,10/23/2025,Inactive,11/22/2025,Regular checkup
DN619,234 Oak St,627.789,91.234,771,10/24/2025,Inactive,11/23/2025,Regular checkup
DN620,234 Oak St,628.789,91.234,772,10/25/2025,Inactive,11/24/2025,Regular checkup
DN621,234 Oak St,629.789,91.234,773,10/26/2025,Inactive,11/25/2025,Regular checkup
DN622,234 Oak St,630.789,91.234,774,10/27/2025,Inactive,11/26/2025,Regular checkup
DN623,234 Oak St,631.789,91.234,775,10/28/2025,Inactive,11/27/2025,Regular checkup
DN624,234 Oak St,632.789,91.234,776,10/29/2025,Inactive,11/28/2025,Regular checkup
DN625,234 Oak St,633.789,91.234,777,10/30/2025,Inactive,11/29/2025,Regular checkup
DN626,234 Oak St,634.789,91.234,778,10/31/2025,Inactive,11/30/2025,Regular checkup
DN627,234 Oak St,635.789,91.234,779,11/1/2025,Inactive,12/1/2025,Regular checkup
DN628,234 Oak St,636.789,91.234,780,11/2/2025,Inactive,12/2/2025,Regular checkup
DN629,234 Oak St,637.789,91.234,781,11/3/2025,Inactive,12/3/2025,Regular checkup
DN630,234 Oak St,638.789,91.234,782,11/4/2025,Inactive,12/4/2025,Regular checkup
DN631,234 Oak St,639.789,91.234,783,11/5/2025,Inactive,12/5/2025,Regular checkup
DN632,234 Oak St,640.789,91.234,784,11/6/2025,Inactive,12/6/2025,Regular checkup
DN633,234 Oak St,641.789,91.234,785,11/7/2025,Inactive,12/7/2025,Regular checkup
DN634,234 Oak St,642.789,91.234,786,11/8/2025,Inactive,12/8/2025,Regular checkup
DN635,234 Oak St,643.789,91.234,787,11/9/2025,Inactive,12/9/2025,Regular checkup
DN636,234 Oak St,644.789,91.234,788,11/10/2025,Inactive,12/10/2025,Regular checkup
DN637,234 Oak St,645.789,91.234,789,11/11/2025,Inactive,12/11/2025,Regular checkup
DN638,234 Oak St,646.789,91.234,790,11/12/2025,Inactive,12/12/2025,Regular checkup
DN639,234 Oak St,647.789,91.234,791,11/13/2025,Inactive,12/13/2025,Regular checkup
DN640,234 Oak St,648.789,91.234,792,11/14/2025,Inactive,12/14/2025,Regular checkup
DN641,234 Oak St,649.789,91.234,793,11/15/2025,Inactive,12/15/2025,Regular checkup
DN642,234 Oak St,650.789,91.234,794,11/16/2025,Inactive,12/16/2025,Regular checkup
DN643,234 Oak St,651.789,91.234,795,11/17/2025,Inactive,12/17/2025,Regular checkup
DN644,234 Oak St,652.789,91.234,796,11/18/2025,Inactive,12/18/2025,Regular checkup
DN645,234 Oak St,653.789,91.234,797,11/19/2025,Inactive,12/19/2025,Regular checkup
DN646,234 Oak St,654.789,91.234,798,11/20/2025,Inactive,12/20/2025,Regular checkup
DN647,234 Oak St,655.789,91.234,799,11/21/2025,Inactive,12/21/2025,Regular checkup
DN648,234 Oak St,656.789,91.234,800,11/22/2025,Inactive,12/22/2025,Regular checkup
DN649,234 Oak St,657.789,91.234,801,11/23/2025,Inactive,12/23/2025,Regular checkup
DN650,234 Oak St,658.789,91.234,802,11/24/2025,Inactive,12/24/2025,Regular checkup
DN651,234 Oak St,659.789,91.234,803,11/25/2025,Inactive,12/25/2025,Regular checkup
DN652,234 Oak St,660.789,91.234,804,11/26/2025,Inactive,12/26/2025,Regular checkup
DN653,234 Oak St,661.789,91.234,805,11/27/2025,Inactive,12/27/2025,Regular checkup
DN654,234 Oak St,662.789,91.234,806,11/28/2025,Inactive,12/28/2025,Regular checkup
DN655,234 Oak St,663.789,91.234,807,11/29/2025,Inactive,12/29/2025,Regular checkup
DN656,234 Oak St,664.789,91.234,808,11/30/2025,Inactive,12/30/2025,Regular checkup
DN657,234 Oak St,665.789,91.234,809,12/1/2025,Inactive,12/31/2025,Regular checkup
DN658,234 Oak St,666.789,91.234,810,12/2/2025,Inactive,1/1/2026,Regular checkup
DN659,234 Oak St,667.789,91.234,811,12/3/2025,Inactive,1/2/2026,Regular checkup
DN660,234 Oak St,668.789,91.234,812,12/4/2025,Inactive,1/3/2026,Regular checkup
DN661,234 Oak St,669.789,91.234,813,12/5/2025,Inactive,1/4/2026,Regular checkup
DN662,234 Oak St,670.789,91.234,814,12/6/2025,Inactive,1/5/2026,Regular checkup
DN663,234 Oak St,671.789,91.234,815,12/7/2025,Inactive,1/6/2026,Regular checkup
DN664,234 Oak St,672.789,91.234,816,12/8/2025,Inactive,1/7/2026,Regular checkup
DN665,234 Oak St,673.789,91.234,817,12/9/2025,Inactive,1/8/2026,Regular checkup
DN666,234 Oak St,674.789,91.234,818,12/10/2025,Inactive,1/9/2026,Regular checkup
DN667,234 Oak St,675.789,91.234,819,12/11/2025,Inactive,1/10/2026,Regular checkup
DN668,234 Oak St,676.789,91.234,820,12/12/2025,Inactive,1/11/2026,Regular checkup
DN669,234 Oak St,677.789,91.234,821,12/13/2025,Inactive,1/12/2026,Regular checkup
DN670,234 Oak St,678.789,91.234,822,12/14/2025,Inactive,1/13/2026,Regular checkup
DN671,234 Oak St,679.789,91.234,823,12/15/2025,Inactive,1/14/2026,Regular checkup
DN672,234 Oak St,680.789,91.234,824,12/16/2025,Inactive,1/15/2026,Regular checkup
DN673,234 Oak St,681.789,91.234,825,12/17/2025,Inactive,1/16/2026,Regular checkup
DN674,234 Oak St,682.789,91.234,826,12/18/2025,Inactive,1/17/2026,Regular checkup
DN675,234 Oak St,683.789,91.234,827,12/19/2025,Inactive,1/18/2026,Regular checkup
DN676,234 Oak St,684.789,91.234,828,12/20/2025,Inactive,1/19/2026,Regular checkup
DN677,234 Oak St,685.789,91.234,829,12/21/2025,Inactive,1/20/2026,Regular checkup
DN678,234 Oak St,686.789,91.234,830,12/22/2025,Inactive,1/21/2026,Regular checkup
DN679,234 Oak St,687.789,91.234,831,12/23/2025,Inactive,1/22/2026,Regular checkup
DN680,234 Oak St,688.789,91.234,832,12/24/2025,Inactive,1/23/2026,Regular checkup
DN681,234 Oak St,689.789,91.234,833,12/25/2025,Inactive,1/24/2026,Regular checkup
DN682,234 Oak St,690.789,91.234,834,12/26/2025,Inactive,1/25/2026,Regular checkup
DN683,234 Oak St,691.789,91.234,835,12/27/2025,Inactive,1/26/2026,Regular checkup
DN684,234 Oak St,692.789,91.234,836,12/28/2025,Inactive,1/27/2026,Regular checkup
DN685,234 Oak St,693.789,91.234,837,12/29/2025,Inactive,1/28/2026,Regular checkup
DN686,234 Oak St,694.789,91.234,838,12/30/2025,Inactive,1/29/2026,Regular checkup
DN687,234 Oak St,695.789,91.234,839,12/31/2025,Inactive,1/30/2026,Regular checkup
DN688,234 Oak St,696.789,91.234,840,1/1/2026,Inactive,1/31/2026,Regular checkup
DN689,234 Oak St,697.789,91.234,841,1/2/2026,Inactive,2/1/2026,Regular checkup
DN690,234 Oak St,698.789,91.234,842,1/3/2026,Inactive,2/2/2026,Regular checkup
DN691,234 Oak St,699.789,91.234,843,1/4/2026,Inactive,2/3/2026,Regular checkup
DN692,234 Oak St,700.789,91.234,844,1/5/2026,Inactive,2/4/2026,Regular checkup
DN693,234 Oak St,701.789,91.234,845,1/6/2026,Inactive,2/5/2026,Regular checkup
DN694,234 Oak St,702.789,91.234,846,1/7/2026,Inactive,2/6/2026,Regular checkup
DN695,234 Oak St,703.789,91.234,847,1/8/2026,Inactive,2/7/2026,Regular checkup
DN696,234 Oak St,704.789,91.234,848,1/9/2026,Inactive,2/8/2026,Regular checkup
DN697,234 Oak St,705.789,91.234,849,1/10/2026,Inactive,2/9/2026,Regular checkup
DN698,234 Oak St,706.789,91.234,850,1/11/2026,Inactive,2/10/2026,Regular checkup
DN699,234 Oak St,707.789,91.234,851,1/12/2026,Inactive,2/11/2026,Regular checkup
DN700,234 Oak St,708.789,91.234,852,1/13/2026,Inactive,2/12/2026,Regular checkup
DN701,234 Oak St,709.789,91.234,853,1/14/2026,Inactive,2/13/2026,Regular checkup
DN702,234 Oak St,710.789,91.234,854,1/15/2026,Inactive,2/14/2026,Regular checkup
DN703,234 Oak St,711.789,91.234,855,1/16/2026,Inactive,2/15/2026,Regular checkup
DN704,234 Oak St,712.789,91.234,856,1/17/2026,Inactive,2/16/2026,Regular checkup
DN705,234 Oak St,713.789,91.234,857,1/18/2026,Inactive,2/17/2026,Regular checkup
DN706,234 Oak St,714.789,91.234,858,1/19/2026,Inactive,2/18/2026,Regular checkup
DN707,234 Oak St,715.789,91.234,859,1/20/2026,Inactive,2/19/2026,Regular checkup
DN708,234 Oak St,716.789,91.234,860,1/21/2026,Inactive,2/20/2026,Regular checkup
DN709,234 Oak St,717.789,91.234,861,1/22/2026,Inactive,2/21/2026,Regular checkup
DN710,234 Oak St,718.789,91.234,862,1/23/2026,Inactive,2/22/2026,Regular checkup
DN711,234 Oak St,719.789,91.234,863,1/24/2026,Inactive,2/23/2026,Regular checkup
DN712,234 Oak St,720.789,91.234,864,1/25/2026,Inactive,2/24/2026,Regular checkup
DN713,234 Oak St,721.789,91.234,865,1/26/2026,Inactive,2/25/2026,Regular checkup
DN714,234 Oak St,722.789,91.234,866,1/27/2026,Inactive,2/26/2026,Regular checkup
DN715,234 Oak St,723.789,91.234,867,1/28/2026,Inactive,2/27/2026,Regular checkup
DN716,234 Oak St,724.789,91.234,868,1/29/2026,Inactive,2/28/2026,Regular checkup
DN717,234 Oak St,725.789,91.234,869,1/30/2026,Inactive,3/1/2026,Regular checkup
DN718,234 Oak St,726.789,91.234,870,1/31/2026,Inactive,3/2/2026,Regular checkup
DN719,234 Oak St,727.789,91.234,871,2/1/2026,Inactive,3/3/2026,Regular checkup
DN720,234 Oak St,728.789,91.234,872,2/2/2026,Inactive,3/4/2026,Regular checkup
DN721,234 Oak St,729.789,91.234,873,2/3/2026,Inactive,3/5/2026,Regular checkup
DN722,234 Oak St,730.789,91.234,874,2/4/2026,Inactive,3/6/2026,Regular checkup
DN723,234 Oak St,731.789,91.234,875,2/5/2026,Inactive,3/7/2026,Regular checkup
DN724,234 Oak St,732.789,91.234,876,2/6/2026,Inactive,3/8/2026,Regular checkup
DN725,234 Oak St,733.789,91.234,877,2/7/2026,Inactive,3/9/2026,Regular checkup
DN726,234 Oak St,734.789,91.234,878,2/8/2026,Inactive,3/10/2026,Regular checkup
DN727,234 Oak St,735.789,91.234,879,2/9/2026,Inactive,3/11/2026,Regular checkup
DN728,234 Oak St,736.789,91.234,880,2/10/2026,Inactive,3/12/2026,Regular checkup
DN729,234 Oak St,737.789,91.234,881,2/11/2026,Inactive,3/13/2026,Regular checkup
DN730,234 Oak St,738.789,91.234,882,2/12/2026,Inactive,3/14/2026,Regular checkup
DN731,234 Oak St,739.789,91.234,883,2/13/2026,Inactive,3/15/2026,Regular checkup
DN732,234 Oak St,740.789,91.234,884,2/14/2026,Inactive,3/16/2026,Regular checkup
DN733,234 Oak St,741.789,91.234,885,2/15/2026,Inactive,3/17/2026,Regular checkup
DN734,234 Oak St,742.789,91.234,886,2/16/2026,Inactive,3/18/2026,Regular checkup
DN735,234 Oak St,743.789,91.234,887,2/17/2026,Inactive,3/19/2026,Regular checkup
DN736,234 Oak St,744.789,91.234,888,2/18/2026,Inactive,3/20/2026,Regular checkup
DN737,234 Oak St,745.789,91.234,889,2/19/2026,Inactive,3/21/2026,Regular checkup
DN738,234 Oak St,746.789,91.234,890,2/20/2026,Inactive,3/22/2026,Regular checkup
DN739,234 Oak St,747.789,91.234,891,2/21/2026,Inactive,3/23/2026,Regular checkup
DN740,234 Oak St,748.789,91.234,892,2/22/2026,Inactive,3/24/2026,Regular checkup
DN741,234 Oak St,749.789,91.234,893,2/23/2026,Inactive,3/25/2026,Regular checkup
DN742,234 Oak St,750.789,91.234,894,2/24/2026,Inactive,3/26/2026,Regular checkup
DN743,234 Oak St,751.789,91.234,895,2/25/2026,Inactive,3/27/2026,Regular checkup
DN744,234 Oak St,752.789,91.234,896,2/26/2026,Inactive,3/28/2026,Regular checkup
DN745,234 Oak St,753.789,91.234,897,2/27/2026,Inactive,3/29/2026,Regular checkup
DN746,234 Oak St,754.789,91.234,898,2/28/2026,Inactive,3/30/2026,Regular checkup
DN747,234 Oak St,755.789,91.234,899,3/1/2026,Inactive,3/31/2026,Regular checkup
DN748,234 Oak St,756.789,91.234,900,3/2/2026,Inactive,4/1/2026,Regular checkup
DN749,234 Oak St,757.789,91.234,901,3/3/2026,Inactive,4/2/2026,Regular checkup
DN750,234 Oak St,758.789,91.234,902,3/4/2026,Inactive,4/3/2026,Regular checkup
DN751,234 Oak St,759.789,91.234,903,3/5/2026,Inactive,4/4/2026,Regular checkup
DN752,234 Oak St,760.789,91.234,904,3/6/2026,Inactive,4/5/2026,Regular checkup
DN753,234 Oak St,761.789,91.234,905,3/7/2026,Inactive,4/6/2026,Regular checkup
DN754,234 Oak St,762.789,91.234,906,3/8/2026,Inactive,4/7/2026,Regular checkup
DN755,234 Oak St,763.789,91.234,907,3/9/2026,Inactive,4/8/2026,Regular checkup
DN756,234 Oak St,764.789,91.234,908,3/10/2026,Inactive,4/9/2026,Regular checkup
DN757,234 Oak St,765.789,91.234,909,3/11/2026,Inactive,4/10/2026,Regular checkup
DN758,234 Oak St,766.789,91.234,910,3/12/2026,Inactive,4/11/2026,Regular checkup
DN759,234 Oak St,767.789,91.234,911,3/13/2026,Inactive,4/12/2026,Regular checkup
DN760,234 Oak St,768.789,91.234,912,3/14/2026,Inactive,4/13/2026,Regular checkup
DN761,234 Oak St,769.789,91.234,913,3/15/2026,Inactive,4/14/2026,Regular checkup
DN762,234 Oak St,770.789,91.234,914,3/16/2026,Inactive,4/15/2026,Regular checkup
DN763,234 Oak St,771.789,91.234,915,3/17/2026,Inactive,4/16/2026,Regular checkup
DN764,234 Oak St,772.789,91.234,916,3/18/2026,Inactive,4/17/2026,Regular checkup
DN765,234 Oak St,773.789,91.234,917,3/19/2026,Inactive,4/18/2026,Regular checkup
DN766,234 Oak St,774.789,91.234,918,3/20/2026,Inactive,4/19/2026,Regular checkup
DN767,234 Oak St,775.789,91.234,919,3/21/2026,Inactive,4/20/2026,Regular checkup
DN768,234 Oak St,776.789,91.234,920,3/22/2026,Inactive,4/21/2026,Regular checkup
DN769,234 Oak St,777.789,91.234,921,3/23/2026,Inactive,4/22/2026,Regular checkup
DN770,234 Oak St,778.789,91.234,922,3/24/2026,Inactive,4/23/2026,Regular checkup
DN771,234 Oak St,779.789,91.234,923,3/25/2026,Inactive,4/24/2026,Regular checkup
DN772,234 Oak St,780.789,91.234,924,3/26/2026,Inactive,4/25/2026,Regular checkup
DN773,234 Oak St,781.789,91.234,925,3/27/2026,Inactive,4/26/2026,Regular checkup
DN774,234 Oak St,782.789,91.234,926,3/28/2026,Inactive,4/27/2026,Regular checkup
DN775,234 Oak St,783.789,91.234,927,3/29/2026,Inactive,4/28/2026,Regular checkup
DN776,234 Oak St,784.789,91.234,928,3/30/2026,Inactive,4/29/2026,Regular checkup
DN777,234 Oak St,785.789,91.234,929,3/31/2026,Inactive,4/30/2026,Regular checkup
DN778,234 Oak St,786.789,91.234,930,4/1/2026,Inactive,5/1/2026,Regular checkup
DN779,234 Oak St,787.789,91.234,931,4/2/2026,Inactive,5/2/2026,Regular checkup
DN780,234 Oak St,788.789,91.234,932,4/3/2026,Inactive,5/3/2026,Regular checkup
DN781,234 Oak St,789.789,91.234,933,4/4/2026,Inactive,5/4/2026,Regular checkup
DN782,234 Oak St,790.789,91.234,934,4/5/2026,Inactive,5/5/2026,Regular checkup
DN783,234 Oak St,791.789,91.234,935,4/6/2026,Inactive,5/6/2026,Regular checkup
DN784,234 Oak St,792.789,91.234,936,4/7/2026,Inactive,5/7/2026,Regular checkup
DN785,234 Oak St,793.789,91.234,937,4/8/2026,Inactive,5/8/2026,Regular checkup
DN786,234 Oak St,794.789,91.234,938,4/9/2026,Inactive,5/9/2026,Regular checkup
DN787,234 Oak St,795.789,91.234,939,4/10/2026,Inactive,5/10/2026,Regular checkup
DN788,234 Oak St,796.789,91.234,940,4/11/2026,Inactive,5/11/2026,Regular checkup
DN789,234 Oak St,797.789,91.234,941,4/12/2026,Inactive,5/12/2026,Regular checkup
DN790,234 Oak St,798.789,91.234,942,4/13/2026,Inactive,5/13/2026,Regular checkup
DN791,234 Oak St,799.789,91.234,943,4/14/2026,Inactive,5/14/2026,Regular checkup
DN792,234 Oak St,800.789,91.234,944,4/15/2026,Inactive,5/15/2026,Regular checkup
DN793,234 Oak St,801.789,91.234,945,4/16/2026,Inactive,5/16/2026,Regular checkup
DN794,234 Oak St,802.789,91.234,946,4/17/2026,Inactive,5/17/2026,Regular checkup
DN795,234 Oak St,803.789,91.234,947,4/18/2026,Inactive,5/18/2026,Regular checkup
DN796,234 Oak St,804.789,91.234,948,4/19/2026,Inactive,5/19/2026,Regular checkup
DN797,234 Oak St,805.789,91.234,949,4/20/2026,Inactive,5/20/2026,Regular checkup
DN798,234 Oak St,806.789,91.234,950,4/21/2026,Inactive,5/21/2026,Regular checkup
DN799,234 Oak St,807.789,91.234,951,4/22/2026,Inactive,5/22/2026,Regular checkup
DN800,234 Oak St,808.789,91.234,952,4/23/2026,Inactive,5/23/2026,Regular checkup
DN801,234 Oak St,809.789,91.234,953,4/24/2026,Inactive,5/24/2026,Regular checkup
DN802,234 Oak St,810.789,91.234,954,4/25/2026,Inactive,5/25/2026,Regular checkup
DN803,234 Oak St,811.789,91.234,955,4/26/2026,Inactive,5/26/2026,Regular checkup
DN804,234 Oak St,812.789,91.234,956,4/27/2026,Inactive,5/27/2026,Regular checkup
DN805,234 Oak St,813.789,91.234,957,4/28/2026,Inactive,5/28/2026,Regular checkup
DN806,234 Oak St,814.789,91.234,958,4/29/2026,Inactive,5/29/2026,Regular checkup
DN807,234 Oak St,815.789,91.234,959,4/30/2026,Inactive,5/30/2026,Regular checkup
DN808,234 Oak St,816.789,91.234,960,5/1/2026,Inactive,5/31/2026,Regular checkup
DN809,234 Oak St,817.789,91.234,961,5/2/2026,Inactive,6/1/2026,Regular checkup
DN810,234 Oak St,818.789,91.234,962,5/3/2026,Inactive,6/2/2026,Regular checkup
DN811,234 Oak St,819.789,91.234,963,5/4/2026,Inactive,6/3/2026,Regular checkup
DN812,234 Oak St,820.789,91.234,964,5/5/2026,Inactive,6/4/2026,Regular checkup
DN813,234 Oak St,821.789,91.234,965,5/6/2026,Inactive,6/5/2026,Regular checkup
DN814,234 Oak St,822.789,91.234,966,5/7/2026,Inactive,6/6/2026,Regular checkup
DN815,234 Oak St,823.789,91.234,967,5/8/2026,Inactive,6/7/2026,Regular checkup
DN816,234 Oak St,824.789,91.234,968,5/9/2026,Inactive,6/8/2026,Regular checkup
DN817,234 Oak St,825.789,91.234,969,5/10/2026,Inactive,6/9/2026,Regular checkup
DN818,234 Oak St,826.789,91.234,970,5/11/2026,Inactive,6/10/2026,Regular checkup
DN819,234 Oak St,827.789,91.234,971,5/12/2026,Inactive,6/11/2026,Regular checkup
DN820,234 Oak St,828.789,91.234,972,5/13/2026,Inactive,6/12/2026,Regular checkup
DN821,234 Oak St,829.789,91.234,973,5/14/2026,Inactive,6/13/2026,Regular checkup
DN822,234 Oak St,830.789,91.234,974,5/15/2026,Inactive,6/14/2026,Regular checkup
DN823,234 Oak St,831.789,91.234,975,5/16/2026,Inactive,6/15/2026,Regular checkup
DN824,234 Oak St,832.789,91.234,976,5/17/2026,Inactive,6/16/2026,Regular checkup
DN825,234 Oak St,833.789,91.234,977,5/18/2026,Inactive,6/17/2026,Regular checkup
DN826,234 Oak St,834.789,91.234,978,5/19/2026,Inactive,6/18/2026,Regular checkup
DN827,234 Oak St,835.789,91.234,979,5/20/2026,Inactive,6/19/2026,Regular checkup
DN828,234 Oak St,836.789,91.234,980,5/21/2026,Inactive,6/20/2026,Regular checkup
DN829,234 Oak St,837.789,91.234,981,5/22/2026,Inactive,6/21/2026,Regular checkup
DN830,234 Oak St,838.789,91.234,982,5/23/2026,Inactive,6/22/2026,Regular checkup
DN831,234 Oak St,839.789,91.234,983,5/24/2026,Inactive,6/23/2026,Regular checkup
DN832,234 Oak St,840.789,91.234,984,5/25/2026,Inactive,6/24/2026,Regular checkup
DN833,234 Oak St,841.789,91.234,985,5/26/2026,Inactive,6/25/2026,Regular checkup
DN834,234 Oak St,842.789,91.234,986,5/27/2026,Inactive,6/26/2026,Regular checkup
DN835,234 Oak St,843.789,91.234,987,5/28/2026,Inactive,6/27/2026,Regular checkup
DN836,234 Oak St,844.789,91.234,988,5/29/2026,Inactive,6/28/2026,Regular checkup
DN837,234 Oak St,845.789,91.234,989,5/30/2026,Inactive,6/29/2026,Regular checkup
DN838,234 Oak St,846.789,91.234,990,5/31/2026,Inactive,6/30/2026,Regular checkup
DN839,234 Oak St,847.789,91.234,991,6/1/2026,Inactive,7/1/2026,Regular checkup
DN840,234 Oak St,848.789,91.234,992,6/2/2026,Inactive,7/2/2026,Regular checkup
DN841,234 Oak St,849.789,91.234,993,6/3/2026,Inactive,7/3/2026,Regular checkup
DN842,234 Oak St,850.789,91.234,994,6/4/2026,Inactive,7/4/2026,Regular checkup
DN843,234 Oak St,851.789,91.234,995,6/5/2026,Inactive,7/5/2026,Regular checkup
DN844,234 Oak St,852.789,91.234,996,6/6/2026,Inactive,7/6/2026,Regular checkup
DN845,234 Oak St,853.789,91.234,997,6/7/2026,Inactive,7/7/2026,Regular checkup
DN846,234 Oak St,854.789,91.234,998,6/8/2026,Inactive,7/8/2026,Regular checkup
DN847,234 Oak St,855.789,91.234,999,6/9/2026,Inactive,7/9/2026,Regular checkup
DN848,234 Oak St,856.789,91.234,1000,6/10/2026,Inactive,7/10/2026,Regular checkup
DN849,234 Oak St,857.789,91.234,1001,6/11/2026,Inactive,7/11/2026,Regular checkup
DN850,234 Oak St,858.789,91.234,1002,6/12/2026,Inactive,7/12/2026,Regular checkup
DN851,234 Oak St,859.789,91.234,1003,6/13/2026,Inactive,7/13/2026,Regular checkup
DN852,234 Oak St,860.789,91.234,1004,6/14/2026,Inactive,7/14/2026,Regular checkup
DN853,234 Oak St,861.789,91.234,1005,6/15/2026,Inactive,7/15/2026,Regular checkup
DN854,234 Oak St,862.789,91.234,1006,6/16/2026,Inactive,7/16/2026,Regular checkup
DN855,234 Oak St,863.789,91.234,1007,6/17/2026,Inactive,7/17/2026,Regular checkup
DN856,234 Oak St,864.789,91.234,1008,6/18/2026,Inactive,7/18/2026,Regular checkup
DN857,234 Oak St,865.789,91.234,1009,6/19/2026,Inactive,7/19/2026,Regular checkup
DN858,234 Oak St,866.789,91.234,1010,6/20/2026,Inactive,7/20/2026,Regular checkup
DN859,234 Oak St,867.789,91.234,1011,6/21/2026,Inactive,7/21/2026,Regular checkup
DN860,234 Oak St,868.789,91.234,1012,6/22/2026,Inactive,7/22/2026,Regular checkup
DN861,234 Oak St,869.789,91.234,1013,6/23/2026,Inactive,7/23/2026,Regular checkup
DN862,234 Oak St,870.789,91.234,1014,6/24/2026,Inactive,7/24/2026,Regular checkup
DN863,234 Oak St,871.789,91.234,1015,6/25/2026,Inactive,7/25/2026,Regular checkup
DN864,234 Oak St,872.789,91.234,1016,6/26/2026,Inactive,7/26/2026,Regular checkup
DN865,234 Oak St,873.789,91.234,1017,6/27/2026,Inactive,7/27/2026,Regular checkup
DN866,234 Oak St,874.789,91.234,1018,6/28/2026,Inactive,7/28/2026,Regular checkup
DN867,234 Oak St,875.789,91.234,1019,6/29/2026,Inactive,7/29/2026,Regular checkup
DN868,234 Oak St,876.789,91.234,1020,6/30/2026,Inactive,7/30/2026,Regular checkup
DN869,234 Oak St,877.789,91.234,1021,7/1/2026,Inactive,7/31/2026,Regular checkup
DN870,234 Oak St,878.789,91.234,1022,7/2/2026,Inactive,8/1/2026,Regular checkup
DN871,234 Oak St,879.789,91.234,1023,7/3/2026,Inactive,8/2/2026,Regular checkup
DN872,234 Oak St,880.789,91.234,1024,7/4/2026,Inactive,8/3/2026,Regular checkup
DN873,234 Oak St,881.789,91.234,1025,7/5/2026,Inactive,8/4/2026,Regular checkup
DN874,234 Oak St,882.789,91.234,1026,7/6/2026,Inactive,8/5/2026,Regular checkup
DN875,234 Oak St,883.789,91.234,1027,7/7/2026,Inactive,8/6/2026,Regular checkup
DN876,234 Oak St,884.789,91.234,1028,7/8/2026,Inactive,8/7/2026,Regular checkup
DN877,234 Oak St,885.789,91.234,1029,7/9/2026,Inactive,8/8/2026,Regular checkup
DN878,234 Oak St,886.789,91.234,1030,7/10/2026,Inactive,8/9/2026,Regular checkup
DN879,234 Oak St,887.789,91.234,1031,7/11/2026,Inactive,8/10/2026,Regular checkup
DN880,234 Oak St,888.789,91.234,1032,7/12/2026,Inactive,8/11/2026,Regular checkup
DN881,234 Oak St,889.789,91.234,1033,7/13/2026,Inactive,8/12/2026,Regular checkup
DN882,234 Oak St,890.789,91.234,1034,7/14/2026,Inactive,8/13/2026,Regular checkup
DN883,234 Oak St,891.789,91.234,1035,7/15/2026,Inactive,8/14/2026,Regular checkup
DN884,234 Oak St,892.789,91.234,1036,7/16/2026,Inactive,8/15/2026,Regular checkup
DN885,234 Oak St,893.789,91.234,1037,7/17/2026,Inactive,8/16/2026,Regular checkup
DN886,234 Oak St,894.789,91.234,1038,7/18/2026,Inactive,8/17/2026,Regular checkup
DN887,234 Oak St,895.789,91.234,1039,7/19/2026,Inactive,8/18/2026,Regular checkup
DN888,234 Oak St,896.789,91.234,1040,7/20/2026,Inactive,8/19/2026,Regular checkup
DN889,234 Oak St,897.789,91.234,1041,7/21/2026,Inactive,8/20/2026,Regular checkup
DN890,234 Oak St,898.789,91.234,1042,7/22/2026,Inactive,8/21/2026,Regular checkup
DN891,234 Oak St,899.789,91.234,1043,7/23/2026,Inactive,8/22/2026,Regular checkup
DN892,234 Oak St,900.789,91.234,1044,7/24/2026,Inactive,8/23/2026,Regular checkup
DN893,234 Oak St,901.789,91.234,1045,7/25/2026,Inactive,8/24/2026,Regular checkup
DN894,234 Oak St,902.789,91.234,1046,7/26/2026,Inactive,8/25/2026,Regular checkup
DN895,234 Oak St,903.789,91.234,1047,7/27/2026,Inactive,8/26/2026,Regular checkup
DN896,234 Oak St,904.789,91.234,1048,7/28/2026,Inactive,8/27/2026,Regular checkup
DN897,234 Oak St,905.789,91.234,1049,7/29/2026,Inactive,8/28/2026,Regular checkup
DN898,234 Oak St,906.789,91.234,1050,7/30/2026,Inactive,8/29/2026,Regular checkup
DN899,234 Oak St,907.789,91.234,1051,7/31/2026,Inactive,8/30/2026,Regular checkup
DN900,234 Oak St,908.789,91.234,1052,8/1/2026,Inactive,8/31/2026,Regular checkup
DN901,234 Oak St,909.789,91.234,1053,8/2/2026,Inactive,9/1/2026,Regular checkup
DN902,234 Oak St,910.789,91.234,1054,8/3/2026,Inactive,9/2/2026,Regular checkup
DN903,234 Oak St,911.789,91.234,1055,8/4/2026,Inactive,9/3/2026,Regular checkup
DN904,234 Oak St,912.789,91.234,1056,8/5/2026,Inactive,9/4/2026,Regular checkup
DN905,234 Oak St,913.789,91.234,1057,8/6/2026,Inactive,9/5/2026,Regular checkup
DN906,234 Oak St,914.789,91.234,1058,8/7/2026,Inactive,9/6/2026,Regular checkup
DN907,234 Oak St,915.789,91.234,1059,8/8/2026,Inactive,9/7/2026,Regular checkup
DN908,234 Oak St,916.789,91.234,1060,8/9/2026,Inactive,9/8/2026,Regular checkup
DN909,234 Oak St,917.789,91.234,1061,8/10/2026,Inactive,9/9/2026,Regular checkup
DN910,234 Oak St,918.789,91.234,1062,8/11/2026,Inactive,9/10/2026,Regular checkup
DN911,234 Oak St,919.789,91.234,1063,8/12/2026,Inactive,9/11/2026,Regular checkup
DN912,234 Oak St,920.789,91.234,1064,8/13/2026,Inactive,9/12/2026,Regular checkup
DN913,234 Oak St,921.789,91.234,1065,8/14/2026,Inactive,9/13/2026,Regular checkup
DN914,234 Oak St,922.789,91.234,1066,8/15/2026,Inactive,9/14/2026,Regular checkup
DN915,234 Oak St,923.789,91.234,1067,8/16/2026,Inactive,9/15/2026,Regular checkup
DN916,234 Oak St,924.789,91.234,1068,8/17/2026,Inactive,9/16/2026,Regular checkup
DN917,234 Oak St,925.789,91.234,1069,8/18/2026,Inactive,9/17/2026,Regular checkup
DN918,234 Oak St,926.789,91.234,1070,8/19/2026,Inactive,9/18/2026,Regular checkup
DN919,234 Oak St,927.789,91.234,1071,8/20/2026,Inactive,9/19/2026,Regular checkup
DN920,234 Oak St,928.789,91.234,1072,8/21/2026,Inactive,9/20/2026,Regular checkup
DN921,234 Oak St,929.789,91.234,1073,8/22/2026,Inactive,9/21/2026,Regular checkup
DN922,234 Oak St,930.789,91.234,1074,8/23/2026,Inactive,9/22/2026,Regular checkup
DN923,234 Oak St,931.789,91.234,1075,8/24/2026,Inactive,9/23/2026,Regular checkup
DN924,234 Oak St,932.789,91.234,1076,8/25/2026,Inactive,9/24/2026,Regular checkup
DN925,234 Oak St,933.789,91.234,1077,8/26/2026,Inactive,9/25/2026,Regular checkup
DN926,234 Oak St,934.789,91.234,1078,8/27/2026,Inactive,9/26/2026,Regular checkup
DN927,234 Oak St,935.789,91.234,1079,8/28/2026,Inactive,9/27/2026,Regular checkup
DN928,234 Oak St,936.789,91.234,1080,8/29/2026,Inactive,9/28/2026,Regular checkup
DN929,234 Oak St,937.789,91.234,1081,8/30/2026,Inactive,9/29/2026,Regular checkup
DN930,234 Oak St,938.789,91.234,1082,8/31/2026,Inactive,9/30/2026,Regular checkup
DN931,234 Oak St,939.789,91.234,1083,9/1/2026,Inactive,10/1/2026,Regular checkup
DN932,234 Oak St,940.789,91.234,1084,9/2/2026,Inactive,10/2/2026,Regular checkup
DN933,234 Oak St,941.789,91.234,1085,9/3/2026,Inactive,10/3/2026,Regular checkup
DN934,234 Oak St,942.789,91.234,1086,9/4/2026,Inactive,10/4/2026,Regular checkup
DN935,234 Oak St,943.789,91.234,1087,9/5/2026,Inactive,10/5/2026,Regular checkup
DN936,234 Oak St,944.789,91.234,1088,9/6/2026,Inactive,10/6/2026,Regular checkup
DN937,234 Oak St,945.789,91.234,1089,9/7/2026,Inactive,10/7/2026,Regular checkup
DN938,234 Oak St,946.789,91.234,1090,9/8/2026,Inactive,10/8/2026,Regular checkup
DN939,234 Oak St,947.789,91.234,1091,9/9/2026,Inactive,10/9/2026,Regular checkup
DN940,234 Oak St,948.789,91.234,1092,9/10/2026,Inactive,10/10/2026,Regular checkup
DN941,234 Oak St,949.789,91.234,1093,9/11/2026,Inactive,10/11/2026,Regular checkup
DN942,234 Oak St,950.789,91.234,1094,9/12/2026,Inactive,10/12/2026,Regular checkup
DN943,234 Oak St,951.789,91.234,1095,9/13/2026,Inactive,10/13/2026,Regular checkup
DN944,234 Oak St,952.789,91.234,1096,9/14/2026,Inactive,10/14/2026,Regular checkup
DN945,234 Oak St,953.789,91.234,1097,9/15/2026,Inactive,10/15/2026,Regular checkup
DN946,234 Oak St,954.789,91.234,1098,9/16/2026,Inactive,10/16/2026,Regular checkup
DN947,234 Oak St,955.789,91.234,1099,9/17/2026,Inactive,10/17/2026,Regular checkup
DN948,234 Oak St,956.789,91.234,1100,9/18/2026,Inactive,10/18/2026,Regular checkup
DN949,234 Oak St,957.789,91.234,1101,9/19/2026,Inactive,10/19/2026,Regular checkup
DN950,234 Oak St,958.789,91.234,1102,9/20/2026,Inactive,10/20/2026,Regular checkup
DN951,234 Oak St,959.789,91.234,1103,9/21/2026,Inactive,10/21/2026,Regular checkup
DN952,234 Oak St,959.789,91.234,1103,9/21/2026,Inactive,10/21/2026,Regular checkup